id,name
"http://www4.wiwiss.fu-berlin.de/dailymed/resource/ingredient/sulfacetamide","sulfacetamide"
"http://www4.wiwiss.fu-berlin.de/dailymed/resource/ingredient/brimonidine","brimonidine"
"http://www4.wiwiss.fu-berlin.de/dailymed/resource/ingredient/estradiol","estradiol"
"http://www4.wiwiss.fu-berlin.de/dailymed/resource/ingredient/rifaximin","rifaximin"
"http://www4.wiwiss.fu-berlin.de/dailymed/resource/ingredient/oxcarbazepine","oxcarbazepine"
"http://www4.wiwiss.fu-berlin.de/dailymed/resource/ingredient/Fludrocortisone","Fludrocortisone"
"http://www4.wiwiss.fu-berlin.de/dailymed/resource/ingredient/adalimumab","adalimumab"
"http://www4.wiwiss.fu-berlin.de/dailymed/resource/ingredient/Zolmitriptan","Zolmitriptan"
"http://www4.wiwiss.fu-berlin.de/dailymed/resource/ingredient/maltose","maltose"
"http://www4.wiwiss.fu-berlin.de/dailymed/resource/ingredient/abciximab","abciximab"
"http://www4.wiwiss.fu-berlin.de/dailymed/resource/ingredient/hydrocortisone","hydrocortisone"
"http://www4.wiwiss.fu-berlin.de/dailymed/resource/ingredient/basiliximab","basiliximab"
"http://www4.wiwiss.fu-berlin.de/dailymed/resource/ingredient/guanethidine","guanethidine"
"http://www4.wiwiss.fu-berlin.de/dailymed/resource/ingredient/flurandrenolide","flurandrenolide"
"http://www4.wiwiss.fu-berlin.de/dailymed/resource/ingredient/tyloxapol","tyloxapol"
"http://www4.wiwiss.fu-berlin.de/dailymed/resource/ingredient/gadoteridol","gadoteridol"
"http://www4.wiwiss.fu-berlin.de/dailymed/resource/ingredient/tirofiban","tirofiban"
"http://www4.wiwiss.fu-berlin.de/dailymed/resource/ingredient/Maprotiline","Maprotiline"
"http://www4.wiwiss.fu-berlin.de/dailymed/resource/ingredient/mupirocin","mupirocin"
"http://www4.wiwiss.fu-berlin.de/dailymed/resource/ingredient/Anagrelide","Anagrelide"
"http://www4.wiwiss.fu-berlin.de/dailymed/resource/ingredient/oseltamivir","oseltamivir"
"http://www4.wiwiss.fu-berlin.de/dailymed/resource/ingredient/hexachlorophene","hexachlorophene"
"http://www4.wiwiss.fu-berlin.de/dailymed/resource/ingredient/L-methionine","L-methionine"
"http://www4.wiwiss.fu-berlin.de/dailymed/resource/ingredient/Monobenzone","Monobenzone"
"http://www4.wiwiss.fu-berlin.de/dailymed/resource/ingredient/valproic_acid","valproic acid"
"http://www4.wiwiss.fu-berlin.de/dailymed/resource/ingredient/caffeine","caffeine"
"http://www4.wiwiss.fu-berlin.de/dailymed/resource/ingredient/itraconazole","itraconazole"
"http://www4.wiwiss.fu-berlin.de/dailymed/resource/ingredient/Gabapentin","Gabapentin"
"http://www4.wiwiss.fu-berlin.de/dailymed/resource/ingredient/bevacizumab","bevacizumab"
"http://www4.wiwiss.fu-berlin.de/dailymed/resource/ingredient/Phenytoin","Phenytoin"
"http://www4.wiwiss.fu-berlin.de/dailymed/resource/ingredient/pyrazinamide","pyrazinamide"
"http://www4.wiwiss.fu-berlin.de/dailymed/resource/ingredient/AMOXAPINE","AMOXAPINE"
"http://www4.wiwiss.fu-berlin.de/dailymed/resource/ingredient/vinblastine","vinblastine"
"http://www4.wiwiss.fu-berlin.de/dailymed/resource/ingredient/Thimerosal","Thimerosal"
"http://www4.wiwiss.fu-berlin.de/dailymed/resource/ingredient/lincomycin","lincomycin"
"http://www4.wiwiss.fu-berlin.de/dailymed/resource/ingredient/perindopril","perindopril"
"http://www4.wiwiss.fu-berlin.de/dailymed/resource/ingredient/Tretinoin","Tretinoin"
"http://www4.wiwiss.fu-berlin.de/dailymed/resource/ingredient/Benzonatate","Benzonatate"
"http://www4.wiwiss.fu-berlin.de/dailymed/resource/ingredient/midodrine","midodrine"
"http://www4.wiwiss.fu-berlin.de/dailymed/resource/ingredient/temazepam","temazepam"
"http://www4.wiwiss.fu-berlin.de/dailymed/resource/ingredient/Granisetron","Granisetron"
"http://www4.wiwiss.fu-berlin.de/dailymed/resource/ingredient/FLUMAZENIL","FLUMAZENIL"
"http://www4.wiwiss.fu-berlin.de/dailymed/resource/ingredient/ganciclovir","ganciclovir"
"http://www4.wiwiss.fu-berlin.de/dailymed/resource/ingredient/METHADONE","METHADONE"
"http://www4.wiwiss.fu-berlin.de/dailymed/resource/ingredient/fenofibrate","fenofibrate"
"http://www4.wiwiss.fu-berlin.de/dailymed/resource/ingredient/tranylcypromine","tranylcypromine"
"http://www4.wiwiss.fu-berlin.de/dailymed/resource/ingredient/metoprolol","metoprolol"
"http://www4.wiwiss.fu-berlin.de/dailymed/resource/ingredient/diclofenac","diclofenac"
"http://www4.wiwiss.fu-berlin.de/dailymed/resource/ingredient/kanamycin","kanamycin"
"http://www4.wiwiss.fu-berlin.de/dailymed/resource/ingredient/eletriptan","eletriptan"
"http://www4.wiwiss.fu-berlin.de/dailymed/resource/ingredient/carboprost_tromethamine","carboprost tromethamine"
"http://www4.wiwiss.fu-berlin.de/dailymed/resource/ingredient/DROSPIRENONE","DROSPIRENONE"
"http://www4.wiwiss.fu-berlin.de/dailymed/resource/ingredient/Interferon_beta-1b","Interferon beta-1b"
"http://www4.wiwiss.fu-berlin.de/dailymed/resource/ingredient/Ciprofloxacin","Ciprofloxacin"
"http://www4.wiwiss.fu-berlin.de/dailymed/resource/ingredient/sotalol","sotalol"
"http://www4.wiwiss.fu-berlin.de/dailymed/resource/ingredient/Cidofovir","Cidofovir"
"http://www4.wiwiss.fu-berlin.de/dailymed/resource/ingredient/methimazole","methimazole"
"http://www4.wiwiss.fu-berlin.de/dailymed/resource/ingredient/L-aspartic_acid","L-aspartic acid"
"http://www4.wiwiss.fu-berlin.de/dailymed/resource/ingredient/magnesium","magnesium"
"http://www4.wiwiss.fu-berlin.de/dailymed/resource/ingredient/tositumomab","tositumomab"
"http://www4.wiwiss.fu-berlin.de/dailymed/resource/ingredient/fructose","fructose"
"http://www4.wiwiss.fu-berlin.de/dailymed/resource/ingredient/malathion","malathion"
"http://www4.wiwiss.fu-berlin.de/dailymed/resource/ingredient/natalizumab","natalizumab"
"http://www4.wiwiss.fu-berlin.de/dailymed/resource/ingredient/Finasteride","Finasteride"
"http://www4.wiwiss.fu-berlin.de/dailymed/resource/ingredient/fluocinonide","fluocinonide"
"http://www4.wiwiss.fu-berlin.de/dailymed/resource/ingredient/sargramostim","sargramostim"
"http://www4.wiwiss.fu-berlin.de/dailymed/resource/ingredient/arformoterol","arformoterol"
"http://www4.wiwiss.fu-berlin.de/dailymed/resource/ingredient/Sodium_Bicarbonate","Sodium Bicarbonate"
"http://www4.wiwiss.fu-berlin.de/dailymed/resource/ingredient/Phenelzine","Phenelzine"
"http://www4.wiwiss.fu-berlin.de/dailymed/resource/ingredient/albendazole","albendazole"
"http://www4.wiwiss.fu-berlin.de/dailymed/resource/ingredient/Duloxetine","Duloxetine"
"http://www4.wiwiss.fu-berlin.de/dailymed/resource/ingredient/Lidocaine","Lidocaine"
"http://www4.wiwiss.fu-berlin.de/dailymed/resource/ingredient/Haloperidol","Haloperidol"
"http://www4.wiwiss.fu-berlin.de/dailymed/resource/ingredient/peginterferon_alfa-2a","peginterferon alfa-2a"
"http://www4.wiwiss.fu-berlin.de/dailymed/resource/ingredient/Ranitidine","Ranitidine"
"http://www4.wiwiss.fu-berlin.de/dailymed/resource/ingredient/fenoprofen","fenoprofen"
"http://www4.wiwiss.fu-berlin.de/dailymed/resource/ingredient/lubiprostone","lubiprostone"
"http://www4.wiwiss.fu-berlin.de/dailymed/resource/ingredient/Rosuvastatin","Rosuvastatin"
"http://www4.wiwiss.fu-berlin.de/dailymed/resource/ingredient/Oprelvekin","Oprelvekin"
"http://www4.wiwiss.fu-berlin.de/dailymed/resource/ingredient/cisatracurium_besylate","cisatracurium besylate"
"http://www4.wiwiss.fu-berlin.de/dailymed/resource/ingredient/acetic_acid%2C","acetic acid,"
"http://www4.wiwiss.fu-berlin.de/dailymed/resource/ingredient/Budesonide","Budesonide"
"http://www4.wiwiss.fu-berlin.de/dailymed/resource/ingredient/Bacitracin","Bacitracin"
"http://www4.wiwiss.fu-berlin.de/dailymed/resource/ingredient/Glipizide","Glipizide"
"http://www4.wiwiss.fu-berlin.de/dailymed/resource/ingredient/nelarabine","nelarabine"
"http://www4.wiwiss.fu-berlin.de/dailymed/resource/ingredient/pegademase_bovine","pegademase bovine"
"http://www4.wiwiss.fu-berlin.de/dailymed/resource/ingredient/Nandrolone","Nandrolone"
"http://www4.wiwiss.fu-berlin.de/dailymed/resource/ingredient/Benzyl_Benzoate","Benzyl Benzoate"
"http://www4.wiwiss.fu-berlin.de/dailymed/resource/ingredient/Escitalopram","Escitalopram"
"http://www4.wiwiss.fu-berlin.de/dailymed/resource/ingredient/halofantrine","halofantrine"
"http://www4.wiwiss.fu-berlin.de/dailymed/resource/ingredient/frovatriptan","frovatriptan"
"http://www4.wiwiss.fu-berlin.de/dailymed/resource/ingredient/exemestane","exemestane"
"http://www4.wiwiss.fu-berlin.de/dailymed/resource/ingredient/ziprasidone","ziprasidone"
"http://www4.wiwiss.fu-berlin.de/dailymed/resource/ingredient/teniposide","teniposide"
"http://www4.wiwiss.fu-berlin.de/dailymed/resource/ingredient/Ergotamine","Ergotamine"
"http://www4.wiwiss.fu-berlin.de/dailymed/resource/ingredient/Probenecid","Probenecid"
"http://www4.wiwiss.fu-berlin.de/dailymed/resource/ingredient/rivastigmine","rivastigmine"
"http://www4.wiwiss.fu-berlin.de/dailymed/resource/ingredient/propoxyphene","propoxyphene"
"http://www4.wiwiss.fu-berlin.de/dailymed/resource/ingredient/Nilutamide","Nilutamide"
"http://www4.wiwiss.fu-berlin.de/dailymed/resource/ingredient/Medrysone","Medrysone"
"http://www4.wiwiss.fu-berlin.de/dailymed/resource/ingredient/haloperidol","haloperidol"
"http://www4.wiwiss.fu-berlin.de/dailymed/resource/ingredient/vinorelbine","vinorelbine"
"http://www4.wiwiss.fu-berlin.de/dailymed/resource/ingredient/hydrocodone","hydrocodone"
"http://www4.wiwiss.fu-berlin.de/dailymed/resource/ingredient/prednicarbate","prednicarbate"
"http://www4.wiwiss.fu-berlin.de/dailymed/resource/ingredient/finasteride","finasteride"
"http://www4.wiwiss.fu-berlin.de/dailymed/resource/ingredient/pergolide","pergolide"
"http://www4.wiwiss.fu-berlin.de/dailymed/resource/ingredient/Magnesium_Sulfate","Magnesium Sulfate"
"http://www4.wiwiss.fu-berlin.de/dailymed/resource/ingredient/glycerol","glycerol"
"http://www4.wiwiss.fu-berlin.de/dailymed/resource/ingredient/terazosin","terazosin"
"http://www4.wiwiss.fu-berlin.de/dailymed/resource/ingredient/L-Histidine","L-Histidine"
"http://www4.wiwiss.fu-berlin.de/dailymed/resource/ingredient/Simvastatin","Simvastatin"
"http://www4.wiwiss.fu-berlin.de/dailymed/resource/ingredient/timolol","timolol"
"http://www4.wiwiss.fu-berlin.de/dailymed/resource/ingredient/Gemfibrozil","Gemfibrozil"
"http://www4.wiwiss.fu-berlin.de/dailymed/resource/ingredient/Captopril","Captopril"
"http://www4.wiwiss.fu-berlin.de/dailymed/resource/ingredient/trimethobenzamide","trimethobenzamide"
"http://www4.wiwiss.fu-berlin.de/dailymed/resource/ingredient/Methyldopa","Methyldopa"
"http://www4.wiwiss.fu-berlin.de/dailymed/resource/ingredient/ifosfamide","ifosfamide"
"http://www4.wiwiss.fu-berlin.de/dailymed/resource/ingredient/brinzolamide","brinzolamide"
"http://www4.wiwiss.fu-berlin.de/dailymed/resource/ingredient/enoxaparin","enoxaparin"
"http://www4.wiwiss.fu-berlin.de/dailymed/resource/ingredient/chloramphenicol","chloramphenicol"
"http://www4.wiwiss.fu-berlin.de/dailymed/resource/ingredient/lamivudine","lamivudine"
"http://www4.wiwiss.fu-berlin.de/dailymed/resource/ingredient/divalproex_sodium","divalproex sodium"
"http://www4.wiwiss.fu-berlin.de/dailymed/resource/ingredient/Desogestrel","Desogestrel"
"http://www4.wiwiss.fu-berlin.de/dailymed/resource/ingredient/Sertraline","Sertraline"
"http://www4.wiwiss.fu-berlin.de/dailymed/resource/ingredient/palivizumab","palivizumab"
"http://www4.wiwiss.fu-berlin.de/dailymed/resource/ingredient/lapatinib","lapatinib"
"http://www4.wiwiss.fu-berlin.de/dailymed/resource/ingredient/doxacurium","doxacurium"
"http://www4.wiwiss.fu-berlin.de/dailymed/resource/ingredient/trazodone","trazodone"
"http://www4.wiwiss.fu-berlin.de/dailymed/resource/ingredient/cetirizine","cetirizine"
"http://www4.wiwiss.fu-berlin.de/dailymed/resource/ingredient/norethindrone","norethindrone"
"http://www4.wiwiss.fu-berlin.de/dailymed/resource/ingredient/fenoldopam","fenoldopam"
"http://www4.wiwiss.fu-berlin.de/dailymed/resource/ingredient/carboplatin","carboplatin"
"http://www4.wiwiss.fu-berlin.de/dailymed/resource/ingredient/etonogestrel","etonogestrel"
"http://www4.wiwiss.fu-berlin.de/dailymed/resource/ingredient/thiothixene","thiothixene"
"http://www4.wiwiss.fu-berlin.de/dailymed/resource/ingredient/Norepinephrine","Norepinephrine"
"http://www4.wiwiss.fu-berlin.de/dailymed/resource/ingredient/penicillin_G","penicillin G"
"http://www4.wiwiss.fu-berlin.de/dailymed/resource/ingredient/sunitinib","sunitinib"
"http://www4.wiwiss.fu-berlin.de/dailymed/resource/ingredient/Indomethacin","Indomethacin"
"http://www4.wiwiss.fu-berlin.de/dailymed/resource/ingredient/Ketoprofen","Ketoprofen"
"http://www4.wiwiss.fu-berlin.de/dailymed/resource/ingredient/pyrimethamine","pyrimethamine"
"http://www4.wiwiss.fu-berlin.de/dailymed/resource/ingredient/encainide","encainide"
"http://www4.wiwiss.fu-berlin.de/dailymed/resource/ingredient/METHYL_AMINOLEVULINATE","METHYL AMINOLEVULINATE"
"http://www4.wiwiss.fu-berlin.de/dailymed/resource/ingredient/hydroxyurea","hydroxyurea"
"http://www4.wiwiss.fu-berlin.de/dailymed/resource/ingredient/mannitol","mannitol"
"http://www4.wiwiss.fu-berlin.de/dailymed/resource/ingredient/Ribavirin","Ribavirin"
"http://www4.wiwiss.fu-berlin.de/dailymed/resource/ingredient/Hydralazine","Hydralazine"
"http://www4.wiwiss.fu-berlin.de/dailymed/resource/ingredient/Cytarabine","Cytarabine"
"http://www4.wiwiss.fu-berlin.de/dailymed/resource/ingredient/EPIRUBICIN","EPIRUBICIN"
"http://www4.wiwiss.fu-berlin.de/dailymed/resource/ingredient/fexofenadine","fexofenadine"
"http://www4.wiwiss.fu-berlin.de/dailymed/resource/ingredient/Heparin","Heparin"
"http://www4.wiwiss.fu-berlin.de/dailymed/resource/ingredient/maleic_acid","maleic acid"
"http://www4.wiwiss.fu-berlin.de/dailymed/resource/ingredient/gemtuzumab_ozogamicin","gemtuzumab ozogamicin"
"http://www4.wiwiss.fu-berlin.de/dailymed/resource/ingredient/Cilostazol","Cilostazol"
"http://www4.wiwiss.fu-berlin.de/dailymed/resource/ingredient/infliximab","infliximab"
"http://www4.wiwiss.fu-berlin.de/dailymed/resource/ingredient/Doxycycline","Doxycycline"
"http://www4.wiwiss.fu-berlin.de/dailymed/resource/ingredient/lomefloxacin","lomefloxacin"
"http://www4.wiwiss.fu-berlin.de/dailymed/resource/ingredient/penicillin_g","penicillin g"
"http://www4.wiwiss.fu-berlin.de/dailymed/resource/ingredient/Memantine","Memantine"
"http://www4.wiwiss.fu-berlin.de/dailymed/resource/ingredient/diethylpropion","diethylpropion"
"http://www4.wiwiss.fu-berlin.de/dailymed/resource/ingredient/digoxin","digoxin"
"http://www4.wiwiss.fu-berlin.de/dailymed/resource/ingredient/cisplatin","cisplatin"
"http://www4.wiwiss.fu-berlin.de/dailymed/resource/ingredient/Vardenafil","Vardenafil"
"http://www4.wiwiss.fu-berlin.de/dailymed/resource/ingredient/Pancuronium","Pancuronium"
"http://www4.wiwiss.fu-berlin.de/dailymed/resource/ingredient/donepezil","donepezil"
"http://www4.wiwiss.fu-berlin.de/dailymed/resource/ingredient/chlorhexidine","chlorhexidine"
"http://www4.wiwiss.fu-berlin.de/dailymed/resource/ingredient/GLYCINE","GLYCINE"
"http://www4.wiwiss.fu-berlin.de/dailymed/resource/ingredient/micafungin","micafungin"
"http://www4.wiwiss.fu-berlin.de/dailymed/resource/ingredient/cyclophosphamide","cyclophosphamide"
"http://www4.wiwiss.fu-berlin.de/dailymed/resource/ingredient/cefotaxime","cefotaxime"
"http://www4.wiwiss.fu-berlin.de/dailymed/resource/ingredient/bendroflumethiazide","bendroflumethiazide"
"http://www4.wiwiss.fu-berlin.de/dailymed/resource/ingredient/exenatide","exenatide"
"http://www4.wiwiss.fu-berlin.de/dailymed/resource/ingredient/ACETYLCYSTEINE","ACETYLCYSTEINE"
"http://www4.wiwiss.fu-berlin.de/dailymed/resource/ingredient/carmustine","carmustine"
"http://www4.wiwiss.fu-berlin.de/dailymed/resource/ingredient/Phenylpropanolamine","Phenylpropanolamine"
"http://www4.wiwiss.fu-berlin.de/dailymed/resource/ingredient/fluorometholone","fluorometholone"
"http://www4.wiwiss.fu-berlin.de/dailymed/resource/ingredient/anidulafungin","anidulafungin"
"http://www4.wiwiss.fu-berlin.de/dailymed/resource/ingredient/Aminolevulinic_acid","Aminolevulinic acid"
"http://www4.wiwiss.fu-berlin.de/dailymed/resource/ingredient/orlistat","orlistat"
"http://www4.wiwiss.fu-berlin.de/dailymed/resource/ingredient/hydroflumethiazide","hydroflumethiazide"
"http://www4.wiwiss.fu-berlin.de/dailymed/resource/ingredient/Mepivacaine","Mepivacaine"
"http://www4.wiwiss.fu-berlin.de/dailymed/resource/ingredient/difenoxin","difenoxin"
"http://www4.wiwiss.fu-berlin.de/dailymed/resource/ingredient/Testosterone","Testosterone"
"http://www4.wiwiss.fu-berlin.de/dailymed/resource/ingredient/Betamethasone","Betamethasone"
"http://www4.wiwiss.fu-berlin.de/dailymed/resource/ingredient/bupropion","bupropion"
"http://www4.wiwiss.fu-berlin.de/dailymed/resource/ingredient/Clozapine","Clozapine"
"http://www4.wiwiss.fu-berlin.de/dailymed/resource/ingredient/sibutramine","sibutramine"
"http://www4.wiwiss.fu-berlin.de/dailymed/resource/ingredient/pemirolast","pemirolast"
"http://www4.wiwiss.fu-berlin.de/dailymed/resource/ingredient/dapsone","dapsone"
"http://www4.wiwiss.fu-berlin.de/dailymed/resource/ingredient/L-Aspartic_Acid","L-Aspartic Acid"
"http://www4.wiwiss.fu-berlin.de/dailymed/resource/ingredient/butenafine","butenafine"
"http://www4.wiwiss.fu-berlin.de/dailymed/resource/ingredient/doxacurium_chloride","doxacurium chloride"
"http://www4.wiwiss.fu-berlin.de/dailymed/resource/ingredient/entecavir","entecavir"
"http://www4.wiwiss.fu-berlin.de/dailymed/resource/ingredient/imiquimod","imiquimod"
"http://www4.wiwiss.fu-berlin.de/dailymed/resource/ingredient/chlorpropamide","chlorpropamide"
"http://www4.wiwiss.fu-berlin.de/dailymed/resource/ingredient/amantadine","amantadine"
"http://www4.wiwiss.fu-berlin.de/dailymed/resource/ingredient/nateglinide","nateglinide"
"http://www4.wiwiss.fu-berlin.de/dailymed/resource/ingredient/triazolam","triazolam"
"http://www4.wiwiss.fu-berlin.de/dailymed/resource/ingredient/omeprazole","omeprazole"
"http://www4.wiwiss.fu-berlin.de/dailymed/resource/ingredient/trimethoprim","trimethoprim"
"http://www4.wiwiss.fu-berlin.de/dailymed/resource/ingredient/Hydroxocobalamin","Hydroxocobalamin"
"http://www4.wiwiss.fu-berlin.de/dailymed/resource/ingredient/Selenium_sulfide","Selenium sulfide"
"http://www4.wiwiss.fu-berlin.de/dailymed/resource/ingredient/Lovastatin","Lovastatin"
"http://www4.wiwiss.fu-berlin.de/dailymed/resource/ingredient/Fosfomycin","Fosfomycin"
"http://www4.wiwiss.fu-berlin.de/dailymed/resource/ingredient/Mannitol","Mannitol"
"http://www4.wiwiss.fu-berlin.de/dailymed/resource/ingredient/Clomipramine","Clomipramine"
"http://www4.wiwiss.fu-berlin.de/dailymed/resource/ingredient/calcitonin%2C_salmon","calcitonin, salmon"
"http://www4.wiwiss.fu-berlin.de/dailymed/resource/ingredient/pegfilgrastim","pegfilgrastim"
"http://www4.wiwiss.fu-berlin.de/dailymed/resource/ingredient/Rocuronium","Rocuronium"
"http://www4.wiwiss.fu-berlin.de/dailymed/resource/ingredient/balsalazide","balsalazide"
"http://www4.wiwiss.fu-berlin.de/dailymed/resource/ingredient/Anastrozole","Anastrozole"
"http://www4.wiwiss.fu-berlin.de/dailymed/resource/ingredient/levofloxacin","levofloxacin"
"http://www4.wiwiss.fu-berlin.de/dailymed/resource/ingredient/dexamethasone","dexamethasone"
"http://www4.wiwiss.fu-berlin.de/dailymed/resource/ingredient/PILOCARPINE","PILOCARPINE"
"http://www4.wiwiss.fu-berlin.de/dailymed/resource/ingredient/ZALEPLON","ZALEPLON"
"http://www4.wiwiss.fu-berlin.de/dailymed/resource/ingredient/STEARIC_ACID","STEARIC ACID"
"http://www4.wiwiss.fu-berlin.de/dailymed/resource/ingredient/SELENIUM_SULFIDE","SELENIUM SULFIDE"
"http://www4.wiwiss.fu-berlin.de/dailymed/resource/ingredient/Temozolomide","Temozolomide"
"http://www4.wiwiss.fu-berlin.de/dailymed/resource/ingredient/fumarate","fumarate"
"http://www4.wiwiss.fu-berlin.de/dailymed/resource/ingredient/baclofen","baclofen"
"http://www4.wiwiss.fu-berlin.de/dailymed/resource/ingredient/clofarabine","clofarabine"
"http://www4.wiwiss.fu-berlin.de/dailymed/resource/ingredient/desonide","desonide"
"http://www4.wiwiss.fu-berlin.de/dailymed/resource/ingredient/Podofilox","Podofilox"
"http://www4.wiwiss.fu-berlin.de/dailymed/resource/ingredient/triamcinolone","triamcinolone"
"http://www4.wiwiss.fu-berlin.de/dailymed/resource/ingredient/vorinostat","vorinostat"
"http://www4.wiwiss.fu-berlin.de/dailymed/resource/ingredient/pramipexole","pramipexole"
"http://www4.wiwiss.fu-berlin.de/dailymed/resource/ingredient/Clindamycin","Clindamycin"
"http://www4.wiwiss.fu-berlin.de/dailymed/resource/ingredient/Quinidine","Quinidine"
"http://www4.wiwiss.fu-berlin.de/dailymed/resource/ingredient/lamotrigine","lamotrigine"
"http://www4.wiwiss.fu-berlin.de/dailymed/resource/ingredient/sirolimus","sirolimus"
"http://www4.wiwiss.fu-berlin.de/dailymed/resource/ingredient/perflutren","perflutren"
"http://www4.wiwiss.fu-berlin.de/dailymed/resource/ingredient/nedocromil","nedocromil"
"http://www4.wiwiss.fu-berlin.de/dailymed/resource/ingredient/Hydromorphone","Hydromorphone"
"http://www4.wiwiss.fu-berlin.de/dailymed/resource/ingredient/acetaminophen","acetaminophen"
"http://www4.wiwiss.fu-berlin.de/dailymed/resource/ingredient/bosentan","bosentan"
"http://www4.wiwiss.fu-berlin.de/dailymed/resource/ingredient/aspirin","aspirin"
"http://www4.wiwiss.fu-berlin.de/dailymed/resource/ingredient/sodium_lauryl_sulfate","sodium lauryl sulfate"
"http://www4.wiwiss.fu-berlin.de/dailymed/resource/ingredient/Sulfanilamide","Sulfanilamide"
"http://www4.wiwiss.fu-berlin.de/dailymed/resource/ingredient/levetiracetam","levetiracetam"
"http://www4.wiwiss.fu-berlin.de/dailymed/resource/ingredient/mycophenolic_acid","mycophenolic acid"
"http://www4.wiwiss.fu-berlin.de/dailymed/resource/ingredient/cyanocobalamin","cyanocobalamin"
"http://www4.wiwiss.fu-berlin.de/dailymed/resource/ingredient/dofetilide","dofetilide"
"http://www4.wiwiss.fu-berlin.de/dailymed/resource/ingredient/ezetimibe","ezetimibe"
"http://www4.wiwiss.fu-berlin.de/dailymed/resource/ingredient/epoprostenol","epoprostenol"
"http://www4.wiwiss.fu-berlin.de/dailymed/resource/ingredient/levonorgestrel","levonorgestrel"
"http://www4.wiwiss.fu-berlin.de/dailymed/resource/ingredient/Lisinopril","Lisinopril"
"http://www4.wiwiss.fu-berlin.de/dailymed/resource/ingredient/losartan","losartan"
"http://www4.wiwiss.fu-berlin.de/dailymed/resource/ingredient/eplerenone","eplerenone"
"http://www4.wiwiss.fu-berlin.de/dailymed/resource/ingredient/Iron_dextran","Iron dextran"
"http://www4.wiwiss.fu-berlin.de/dailymed/resource/ingredient/aliskiren","aliskiren"
"http://www4.wiwiss.fu-berlin.de/dailymed/resource/ingredient/AMINOCAPROIC_ACID","AMINOCAPROIC ACID"
"http://www4.wiwiss.fu-berlin.de/dailymed/resource/ingredient/methylphenidate","methylphenidate"
"http://www4.wiwiss.fu-berlin.de/dailymed/resource/ingredient/oxycodone","oxycodone"
"http://www4.wiwiss.fu-berlin.de/dailymed/resource/ingredient/Bicalutamide","Bicalutamide"
"http://www4.wiwiss.fu-berlin.de/dailymed/resource/ingredient/Calcium_Chloride","Calcium Chloride"
"http://www4.wiwiss.fu-berlin.de/dailymed/resource/ingredient/ketorolac","ketorolac"
"http://www4.wiwiss.fu-berlin.de/dailymed/resource/ingredient/alclometasone","alclometasone"
"http://www4.wiwiss.fu-berlin.de/dailymed/resource/ingredient/ESTRADIOL","ESTRADIOL"
"http://www4.wiwiss.fu-berlin.de/dailymed/resource/ingredient/RISPERIDONE","RISPERIDONE"
"http://www4.wiwiss.fu-berlin.de/dailymed/resource/ingredient/Diazepam","Diazepam"
"http://www4.wiwiss.fu-berlin.de/dailymed/resource/ingredient/Thioridazine","Thioridazine"
"http://www4.wiwiss.fu-berlin.de/dailymed/resource/ingredient/telmisartan","telmisartan"
"http://www4.wiwiss.fu-berlin.de/dailymed/resource/ingredient/deferoxamine","deferoxamine"
"http://www4.wiwiss.fu-berlin.de/dailymed/resource/ingredient/flutamide","flutamide"
"http://www4.wiwiss.fu-berlin.de/dailymed/resource/ingredient/Lactose","Lactose"
"http://www4.wiwiss.fu-berlin.de/dailymed/resource/ingredient/Galantamine","Galantamine"
"http://www4.wiwiss.fu-berlin.de/dailymed/resource/ingredient/BISOPROLOL","BISOPROLOL"
"http://www4.wiwiss.fu-berlin.de/dailymed/resource/ingredient/quinupristin","quinupristin"
"http://www4.wiwiss.fu-berlin.de/dailymed/resource/ingredient/phenytoin","phenytoin"
"http://www4.wiwiss.fu-berlin.de/dailymed/resource/ingredient/Tamoxifen","Tamoxifen"
"http://www4.wiwiss.fu-berlin.de/dailymed/resource/ingredient/denileukin_diftitox","denileukin diftitox"
"http://www4.wiwiss.fu-berlin.de/dailymed/resource/ingredient/adenosine","adenosine"
"http://www4.wiwiss.fu-berlin.de/dailymed/resource/ingredient/butorphanol","butorphanol"
"http://www4.wiwiss.fu-berlin.de/dailymed/resource/ingredient/Perflutren","Perflutren"
"http://www4.wiwiss.fu-berlin.de/dailymed/resource/ingredient/Amiloride","Amiloride"
"http://www4.wiwiss.fu-berlin.de/dailymed/resource/ingredient/dihydroergotamine","dihydroergotamine"
"http://www4.wiwiss.fu-berlin.de/dailymed/resource/ingredient/nabilone","nabilone"
"http://www4.wiwiss.fu-berlin.de/dailymed/resource/ingredient/PENCICLOVIR","PENCICLOVIR"
"http://www4.wiwiss.fu-berlin.de/dailymed/resource/ingredient/Amitriptyline","Amitriptyline"
"http://www4.wiwiss.fu-berlin.de/dailymed/resource/ingredient/amikacin","amikacin"
"http://www4.wiwiss.fu-berlin.de/dailymed/resource/ingredient/azathioprine","azathioprine"
"http://www4.wiwiss.fu-berlin.de/dailymed/resource/ingredient/Glycine","Glycine"
"http://www4.wiwiss.fu-berlin.de/dailymed/resource/ingredient/nevirapine","nevirapine"
"http://www4.wiwiss.fu-berlin.de/dailymed/resource/ingredient/tenofovir","tenofovir"
"http://www4.wiwiss.fu-berlin.de/dailymed/resource/ingredient/acetic_acid","acetic acid"
"http://www4.wiwiss.fu-berlin.de/dailymed/resource/ingredient/ketamine","ketamine"
"http://www4.wiwiss.fu-berlin.de/dailymed/resource/ingredient/Gefitinib","Gefitinib"
"http://www4.wiwiss.fu-berlin.de/dailymed/resource/ingredient/retapamulin","retapamulin"
"http://www4.wiwiss.fu-berlin.de/dailymed/resource/ingredient/sulfisoxazole","sulfisoxazole"
"http://www4.wiwiss.fu-berlin.de/dailymed/resource/ingredient/urokinase","urokinase"
"http://www4.wiwiss.fu-berlin.de/dailymed/resource/ingredient/enfuvirtide","enfuvirtide"
"http://www4.wiwiss.fu-berlin.de/dailymed/resource/ingredient/Prochlorperazine","Prochlorperazine"
"http://www4.wiwiss.fu-berlin.de/dailymed/resource/ingredient/Mecamylamine","Mecamylamine"
"http://www4.wiwiss.fu-berlin.de/dailymed/resource/ingredient/succinic_acid","succinic acid"
"http://www4.wiwiss.fu-berlin.de/dailymed/resource/ingredient/FLURBIPROFEN","FLURBIPROFEN"
"http://www4.wiwiss.fu-berlin.de/dailymed/resource/ingredient/CARBINOXAMINE","CARBINOXAMINE"
"http://www4.wiwiss.fu-berlin.de/dailymed/resource/ingredient/Loteprednol_Etabonate","Loteprednol Etabonate"
"http://www4.wiwiss.fu-berlin.de/dailymed/resource/ingredient/estramustine","estramustine"
"http://www4.wiwiss.fu-berlin.de/dailymed/resource/ingredient/ritonavir","ritonavir"
"http://www4.wiwiss.fu-berlin.de/dailymed/resource/ingredient/Methyclothiazide","Methyclothiazide"
"http://www4.wiwiss.fu-berlin.de/dailymed/resource/ingredient/Sucrose","Sucrose"
"http://www4.wiwiss.fu-berlin.de/dailymed/resource/ingredient/esmolol","esmolol"
"http://www4.wiwiss.fu-berlin.de/dailymed/resource/ingredient/procainamide","procainamide"
"http://www4.wiwiss.fu-berlin.de/dailymed/resource/ingredient/prednisone","prednisone"
"http://www4.wiwiss.fu-berlin.de/dailymed/resource/ingredient/Terconazole","Terconazole"
"http://www4.wiwiss.fu-berlin.de/dailymed/resource/ingredient/cefoxitin","cefoxitin"
"http://www4.wiwiss.fu-berlin.de/dailymed/resource/ingredient/metolazone","metolazone"
"http://www4.wiwiss.fu-berlin.de/dailymed/resource/ingredient/ACITRETIN","ACITRETIN"
"http://www4.wiwiss.fu-berlin.de/dailymed/resource/ingredient/Niacin","Niacin"
"http://www4.wiwiss.fu-berlin.de/dailymed/resource/ingredient/testosterone","testosterone"
"http://www4.wiwiss.fu-berlin.de/dailymed/resource/ingredient/remifentanil","remifentanil"
"http://www4.wiwiss.fu-berlin.de/dailymed/resource/ingredient/Zinc","Zinc"
"http://www4.wiwiss.fu-berlin.de/dailymed/resource/ingredient/phentermine","phentermine"
"http://www4.wiwiss.fu-berlin.de/dailymed/resource/ingredient/levocabastine","levocabastine"
"http://www4.wiwiss.fu-berlin.de/dailymed/resource/ingredient/magnesium_oxide","magnesium oxide"
"http://www4.wiwiss.fu-berlin.de/dailymed/resource/ingredient/Efavirenz","Efavirenz"
"http://www4.wiwiss.fu-berlin.de/dailymed/resource/ingredient/bumetanide","bumetanide"
"http://www4.wiwiss.fu-berlin.de/dailymed/resource/ingredient/mecasermin","mecasermin"
"http://www4.wiwiss.fu-berlin.de/dailymed/resource/ingredient/Bromocriptine","Bromocriptine"
"http://www4.wiwiss.fu-berlin.de/dailymed/resource/ingredient/TICLOPIDINE","TICLOPIDINE"
"http://www4.wiwiss.fu-berlin.de/dailymed/resource/ingredient/Piperazine","Piperazine"
"http://www4.wiwiss.fu-berlin.de/dailymed/resource/ingredient/Quinapril","Quinapril"
"http://www4.wiwiss.fu-berlin.de/dailymed/resource/ingredient/PENTOSTATIN","PENTOSTATIN"
"http://www4.wiwiss.fu-berlin.de/dailymed/resource/ingredient/aspartame","aspartame"
"http://www4.wiwiss.fu-berlin.de/dailymed/resource/ingredient/eszopiclone","eszopiclone"
"http://www4.wiwiss.fu-berlin.de/dailymed/resource/ingredient/ISOPROPYL_ALCOHOL","ISOPROPYL ALCOHOL"
"http://www4.wiwiss.fu-berlin.de/dailymed/resource/ingredient/DORZOLAMIDE","DORZOLAMIDE"
"http://www4.wiwiss.fu-berlin.de/dailymed/resource/ingredient/nafcillin","nafcillin"
"http://www4.wiwiss.fu-berlin.de/dailymed/resource/ingredient/apraclonidine","apraclonidine"
"http://www4.wiwiss.fu-berlin.de/dailymed/resource/ingredient/pegvisomant","pegvisomant"
"http://www4.wiwiss.fu-berlin.de/dailymed/resource/ingredient/sulfinpyrazone","sulfinpyrazone"
"http://www4.wiwiss.fu-berlin.de/dailymed/resource/ingredient/colistimethate","colistimethate"
"http://www4.wiwiss.fu-berlin.de/dailymed/resource/ingredient/capecitabine","capecitabine"
"http://www4.wiwiss.fu-berlin.de/dailymed/resource/ingredient/Diltiazem","Diltiazem"
"http://www4.wiwiss.fu-berlin.de/dailymed/resource/ingredient/ropinirole","ropinirole"
"http://www4.wiwiss.fu-berlin.de/dailymed/resource/ingredient/desflurane","desflurane"
"http://www4.wiwiss.fu-berlin.de/dailymed/resource/ingredient/cetuximab","cetuximab"
"http://www4.wiwiss.fu-berlin.de/dailymed/resource/ingredient/Pentoxifylline","Pentoxifylline"
"http://www4.wiwiss.fu-berlin.de/dailymed/resource/ingredient/Doxepin","Doxepin"
"http://www4.wiwiss.fu-berlin.de/dailymed/resource/ingredient/Citric_Acid","Citric Acid"
"http://www4.wiwiss.fu-berlin.de/dailymed/resource/ingredient/Molindone","Molindone"
"http://www4.wiwiss.fu-berlin.de/dailymed/resource/ingredient/conivaptan","conivaptan"
"http://www4.wiwiss.fu-berlin.de/dailymed/resource/ingredient/Tolmetin","Tolmetin"
"http://www4.wiwiss.fu-berlin.de/dailymed/resource/ingredient/tetracycline","tetracycline"
"http://www4.wiwiss.fu-berlin.de/dailymed/resource/ingredient/Fludarabine","Fludarabine"
"http://www4.wiwiss.fu-berlin.de/dailymed/resource/ingredient/rasburicase","rasburicase"
"http://www4.wiwiss.fu-berlin.de/dailymed/resource/ingredient/scopolamine","scopolamine"
"http://www4.wiwiss.fu-berlin.de/dailymed/resource/ingredient/diphenhydramine","diphenhydramine"
"http://www4.wiwiss.fu-berlin.de/dailymed/resource/ingredient/mometasone","mometasone"
"http://www4.wiwiss.fu-berlin.de/dailymed/resource/ingredient/valganciclovir","valganciclovir"
"http://www4.wiwiss.fu-berlin.de/dailymed/resource/ingredient/UROKINASE","UROKINASE"
"http://www4.wiwiss.fu-berlin.de/dailymed/resource/ingredient/LACTOSE","LACTOSE"
"http://www4.wiwiss.fu-berlin.de/dailymed/resource/ingredient/terbutaline","terbutaline"
"http://www4.wiwiss.fu-berlin.de/dailymed/resource/ingredient/Raloxifene","Raloxifene"
"http://www4.wiwiss.fu-berlin.de/dailymed/resource/ingredient/Chlordiazepoxide","Chlordiazepoxide"
"http://www4.wiwiss.fu-berlin.de/dailymed/resource/ingredient/Buprenorphine","Buprenorphine"
"http://www4.wiwiss.fu-berlin.de/dailymed/resource/ingredient/Paroxetine","Paroxetine"
"http://www4.wiwiss.fu-berlin.de/dailymed/resource/ingredient/Flutamide","Flutamide"
"http://www4.wiwiss.fu-berlin.de/dailymed/resource/ingredient/pimecrolimus","pimecrolimus"
"http://www4.wiwiss.fu-berlin.de/dailymed/resource/ingredient/alglucerase","alglucerase"
"http://www4.wiwiss.fu-berlin.de/dailymed/resource/ingredient/dextroamphetamine","dextroamphetamine"
"http://www4.wiwiss.fu-berlin.de/dailymed/resource/ingredient/fluconazole","fluconazole"
"http://www4.wiwiss.fu-berlin.de/dailymed/resource/ingredient/hydroxypropyl_cellulose","hydroxypropyl cellulose"
"http://www4.wiwiss.fu-berlin.de/dailymed/resource/ingredient/olsalazine","olsalazine"
"http://www4.wiwiss.fu-berlin.de/dailymed/resource/ingredient/Sulfadoxine","Sulfadoxine"
"http://www4.wiwiss.fu-berlin.de/dailymed/resource/ingredient/Celecoxib","Celecoxib"
"http://www4.wiwiss.fu-berlin.de/dailymed/resource/ingredient/Fluorouracil","Fluorouracil"
"http://www4.wiwiss.fu-berlin.de/dailymed/resource/ingredient/polythiazide","polythiazide"
"http://www4.wiwiss.fu-berlin.de/dailymed/resource/ingredient/Ranibizumab","Ranibizumab"
"http://www4.wiwiss.fu-berlin.de/dailymed/resource/ingredient/atorvastatin","atorvastatin"
"http://www4.wiwiss.fu-berlin.de/dailymed/resource/ingredient/Lepirudin","Lepirudin"
"http://www4.wiwiss.fu-berlin.de/dailymed/resource/ingredient/rimexolone","rimexolone"
"http://www4.wiwiss.fu-berlin.de/dailymed/resource/ingredient/Metformin","Metformin"
"http://www4.wiwiss.fu-berlin.de/dailymed/resource/ingredient/m-cresol","m-cresol"
"http://www4.wiwiss.fu-berlin.de/dailymed/resource/ingredient/Clarithromycin","Clarithromycin"
"http://www4.wiwiss.fu-berlin.de/dailymed/resource/ingredient/naratriptan","naratriptan"
"http://www4.wiwiss.fu-berlin.de/dailymed/resource/ingredient/Filgrastim","Filgrastim"
"http://www4.wiwiss.fu-berlin.de/dailymed/resource/ingredient/nabumetone","nabumetone"
"http://www4.wiwiss.fu-berlin.de/dailymed/resource/ingredient/sodium_bicarbonate","sodium bicarbonate"
"http://www4.wiwiss.fu-berlin.de/dailymed/resource/ingredient/phentolamine","phentolamine"
"http://www4.wiwiss.fu-berlin.de/dailymed/resource/ingredient/Acetic_Acid","Acetic Acid"
"http://www4.wiwiss.fu-berlin.de/dailymed/resource/ingredient/alosetron","alosetron"
"http://www4.wiwiss.fu-berlin.de/dailymed/resource/ingredient/ethacrynic_acid","ethacrynic acid"
"http://www4.wiwiss.fu-berlin.de/dailymed/resource/ingredient/SOTALOL","SOTALOL"
"http://www4.wiwiss.fu-berlin.de/dailymed/resource/ingredient/isopropyl_alcohol","isopropyl alcohol"
"http://www4.wiwiss.fu-berlin.de/dailymed/resource/ingredient/cisapride","cisapride"
"http://www4.wiwiss.fu-berlin.de/dailymed/resource/ingredient/Loxapine","Loxapine"
"http://www4.wiwiss.fu-berlin.de/dailymed/resource/ingredient/emedastine","emedastine"
"http://www4.wiwiss.fu-berlin.de/dailymed/resource/ingredient/Tropicamide","Tropicamide"
"http://www4.wiwiss.fu-berlin.de/dailymed/resource/ingredient/CLARITHROMYCIN","CLARITHROMYCIN"
"http://www4.wiwiss.fu-berlin.de/dailymed/resource/ingredient/Quetiapine","Quetiapine"
"http://www4.wiwiss.fu-berlin.de/dailymed/resource/ingredient/Oxacillin","Oxacillin"
"http://www4.wiwiss.fu-berlin.de/dailymed/resource/ingredient/Nadolol","Nadolol"
"http://www4.wiwiss.fu-berlin.de/dailymed/resource/ingredient/Tyloxapol","Tyloxapol"
"http://www4.wiwiss.fu-berlin.de/dailymed/resource/ingredient/zanamivir","zanamivir"
"http://www4.wiwiss.fu-berlin.de/dailymed/resource/ingredient/Reserpine","Reserpine"
"http://www4.wiwiss.fu-berlin.de/dailymed/resource/ingredient/proparacaine","proparacaine"
"http://www4.wiwiss.fu-berlin.de/dailymed/resource/ingredient/moxifloxacin","moxifloxacin"
"http://www4.wiwiss.fu-berlin.de/dailymed/resource/ingredient/codeine","codeine"
"http://www4.wiwiss.fu-berlin.de/dailymed/resource/ingredient/zinc","zinc"
"http://www4.wiwiss.fu-berlin.de/dailymed/resource/ingredient/repaglinide","repaglinide"
"http://www4.wiwiss.fu-berlin.de/dailymed/resource/ingredient/vitamin_E","vitamin E"
"http://www4.wiwiss.fu-berlin.de/dailymed/resource/ingredient/Zafirlukast","Zafirlukast"
"http://www4.wiwiss.fu-berlin.de/dailymed/resource/ingredient/Sodium_lauryl_sulfate","Sodium lauryl sulfate"
"http://www4.wiwiss.fu-berlin.de/dailymed/resource/ingredient/didanosine","didanosine"
"http://www4.wiwiss.fu-berlin.de/dailymed/resource/ingredient/Zolpidem","Zolpidem"
"http://www4.wiwiss.fu-berlin.de/dailymed/resource/ingredient/Colesevelam","Colesevelam"
"http://www4.wiwiss.fu-berlin.de/dailymed/resource/ingredient/tretinoin","tretinoin"
"http://www4.wiwiss.fu-berlin.de/dailymed/resource/ingredient/mephenytoin","mephenytoin"
"http://www4.wiwiss.fu-berlin.de/dailymed/resource/ingredient/Pyridostigmine","Pyridostigmine"
"http://www4.wiwiss.fu-berlin.de/dailymed/resource/ingredient/furosemide","furosemide"
"http://www4.wiwiss.fu-berlin.de/dailymed/resource/ingredient/Methocarbamol","Methocarbamol"
"http://www4.wiwiss.fu-berlin.de/dailymed/resource/ingredient/varenicline","varenicline"
"http://www4.wiwiss.fu-berlin.de/dailymed/resource/ingredient/Potassium_Chloride","Potassium Chloride"
"http://www4.wiwiss.fu-berlin.de/dailymed/resource/ingredient/SODIUM_LAURYL_SULFATE","SODIUM LAURYL SULFATE"
"http://www4.wiwiss.fu-berlin.de/dailymed/resource/ingredient/gentamicin","gentamicin"
"http://www4.wiwiss.fu-berlin.de/dailymed/resource/ingredient/pindolol","pindolol"
"http://www4.wiwiss.fu-berlin.de/dailymed/resource/ingredient/L-Arginine","L-Arginine"
"http://www4.wiwiss.fu-berlin.de/dailymed/resource/ingredient/human_serum_albumin","human serum albumin"
"http://www4.wiwiss.fu-berlin.de/dailymed/resource/ingredient/secobarbital","secobarbital"
"http://www4.wiwiss.fu-berlin.de/dailymed/resource/ingredient/tigecycline","tigecycline"
"http://www4.wiwiss.fu-berlin.de/dailymed/resource/ingredient/silver_sulfadiazine","silver sulfadiazine"
"http://www4.wiwiss.fu-berlin.de/dailymed/resource/ingredient/Foscarnet","Foscarnet"
"http://www4.wiwiss.fu-berlin.de/dailymed/resource/ingredient/gadopentetate_dimeglumine","gadopentetate dimeglumine"
"http://www4.wiwiss.fu-berlin.de/dailymed/resource/ingredient/Phenoxybenzamine","Phenoxybenzamine"
"http://www4.wiwiss.fu-berlin.de/dailymed/resource/ingredient/abatacept","abatacept"
"http://www4.wiwiss.fu-berlin.de/dailymed/resource/ingredient/Cefaclor","Cefaclor"
"http://www4.wiwiss.fu-berlin.de/dailymed/resource/ingredient/olmesartan","olmesartan"
"http://www4.wiwiss.fu-berlin.de/dailymed/resource/ingredient/ethanolamine_oleate","ethanolamine oleate"
"http://www4.wiwiss.fu-berlin.de/dailymed/resource/ingredient/ramipril","ramipril"
"http://www4.wiwiss.fu-berlin.de/dailymed/resource/ingredient/cholesterol","cholesterol"
"http://www4.wiwiss.fu-berlin.de/dailymed/resource/ingredient/altretamine","altretamine"
"http://www4.wiwiss.fu-berlin.de/dailymed/resource/ingredient/doxycycline","doxycycline"
"http://www4.wiwiss.fu-berlin.de/dailymed/resource/ingredient/Isosorbide_Mononitrate","Isosorbide Mononitrate"
"http://www4.wiwiss.fu-berlin.de/dailymed/resource/ingredient/Selegiline","Selegiline"
"http://www4.wiwiss.fu-berlin.de/dailymed/resource/ingredient/Ethanol","Ethanol"
"http://www4.wiwiss.fu-berlin.de/dailymed/resource/ingredient/fondaparinux_sodium","fondaparinux sodium"
"http://www4.wiwiss.fu-berlin.de/dailymed/resource/ingredient/prilocaine","prilocaine"
"http://www4.wiwiss.fu-berlin.de/dailymed/resource/ingredient/flucytosine","flucytosine"
"http://www4.wiwiss.fu-berlin.de/dailymed/resource/ingredient/Icodextrin","Icodextrin"
"http://www4.wiwiss.fu-berlin.de/dailymed/resource/ingredient/Sulindac","Sulindac"
"http://www4.wiwiss.fu-berlin.de/dailymed/resource/ingredient/atovaquone","atovaquone"
"http://www4.wiwiss.fu-berlin.de/dailymed/resource/ingredient/sildenafil","sildenafil"
"http://www4.wiwiss.fu-berlin.de/dailymed/resource/ingredient/ceftazidime","ceftazidime"
"http://www4.wiwiss.fu-berlin.de/dailymed/resource/ingredient/BENZOIC_ACID","BENZOIC ACID"
"http://www4.wiwiss.fu-berlin.de/dailymed/resource/ingredient/Isopropyl_Alcohol","Isopropyl Alcohol"
"http://www4.wiwiss.fu-berlin.de/dailymed/resource/ingredient/FENTANYL","FENTANYL"
"http://www4.wiwiss.fu-berlin.de/dailymed/resource/ingredient/Adefovir_Dipivoxil","Adefovir Dipivoxil"
"http://www4.wiwiss.fu-berlin.de/dailymed/resource/ingredient/Glimepiride","Glimepiride"
"http://www4.wiwiss.fu-berlin.de/dailymed/resource/ingredient/glycine","glycine"
"http://www4.wiwiss.fu-berlin.de/dailymed/resource/ingredient/Piperacillin","Piperacillin"
"http://www4.wiwiss.fu-berlin.de/dailymed/resource/ingredient/Lactulose","Lactulose"
"http://www4.wiwiss.fu-berlin.de/dailymed/resource/ingredient/loracarbef","loracarbef"
"http://www4.wiwiss.fu-berlin.de/dailymed/resource/ingredient/Aspartame","Aspartame"
"http://www4.wiwiss.fu-berlin.de/dailymed/resource/ingredient/ethiodized_oil","ethiodized oil"
"http://www4.wiwiss.fu-berlin.de/dailymed/resource/ingredient/Metoclopramide","Metoclopramide"
"http://www4.wiwiss.fu-berlin.de/dailymed/resource/ingredient/testolactone","testolactone"
"http://www4.wiwiss.fu-berlin.de/dailymed/resource/ingredient/Isopropyl_alcohol","Isopropyl alcohol"
"http://www4.wiwiss.fu-berlin.de/dailymed/resource/ingredient/Desloratadine","Desloratadine"
"http://www4.wiwiss.fu-berlin.de/dailymed/resource/ingredient/thyrotropin_alfa","thyrotropin alfa"
"http://www4.wiwiss.fu-berlin.de/dailymed/resource/ingredient/mitomycin","mitomycin"
"http://www4.wiwiss.fu-berlin.de/dailymed/resource/ingredient/sevoflurane","sevoflurane"
"http://www4.wiwiss.fu-berlin.de/dailymed/resource/ingredient/Ciclopirox","Ciclopirox"
"http://www4.wiwiss.fu-berlin.de/dailymed/resource/ingredient/miglitol","miglitol"
"http://www4.wiwiss.fu-berlin.de/dailymed/resource/ingredient/nicotine","nicotine"
"http://www4.wiwiss.fu-berlin.de/dailymed/resource/ingredient/Cimetidine","Cimetidine"
"http://www4.wiwiss.fu-berlin.de/dailymed/resource/ingredient/Etodolac","Etodolac"
"http://www4.wiwiss.fu-berlin.de/dailymed/resource/ingredient/Loperamide","Loperamide"
"http://www4.wiwiss.fu-berlin.de/dailymed/resource/ingredient/Oxaprozin","Oxaprozin"
"http://www4.wiwiss.fu-berlin.de/dailymed/resource/ingredient/Iohexol","Iohexol"
"http://www4.wiwiss.fu-berlin.de/dailymed/resource/ingredient/gadobenate_dimeglumine","gadobenate dimeglumine"
"http://www4.wiwiss.fu-berlin.de/dailymed/resource/ingredient/fluticasone_propionate","fluticasone propionate"
"http://www4.wiwiss.fu-berlin.de/dailymed/resource/ingredient/Lindane","Lindane"
"http://www4.wiwiss.fu-berlin.de/dailymed/resource/ingredient/voriconazole","voriconazole"
"http://www4.wiwiss.fu-berlin.de/dailymed/resource/ingredient/Fulvestrant","Fulvestrant"
"http://www4.wiwiss.fu-berlin.de/dailymed/resource/ingredient/Benzyl_benzoate","Benzyl benzoate"
"http://www4.wiwiss.fu-berlin.de/dailymed/resource/ingredient/Orphenadrine","Orphenadrine"
"http://www4.wiwiss.fu-berlin.de/dailymed/resource/ingredient/nizatidine","nizatidine"
"http://www4.wiwiss.fu-berlin.de/dailymed/resource/ingredient/D-sorbitol","D-sorbitol"
"http://www4.wiwiss.fu-berlin.de/dailymed/resource/ingredient/lisdexamfetamine","lisdexamfetamine"
"http://www4.wiwiss.fu-berlin.de/dailymed/resource/ingredient/Amcinonide","Amcinonide"
"http://www4.wiwiss.fu-berlin.de/dailymed/resource/ingredient/Cefdinir","Cefdinir"
"http://www4.wiwiss.fu-berlin.de/dailymed/resource/ingredient/ADAPALENE","ADAPALENE"
"http://www4.wiwiss.fu-berlin.de/dailymed/resource/ingredient/minocycline","minocycline"
"http://www4.wiwiss.fu-berlin.de/dailymed/resource/ingredient/Goserelin","Goserelin"
"http://www4.wiwiss.fu-berlin.de/dailymed/resource/ingredient/nefazodone","nefazodone"
"http://www4.wiwiss.fu-berlin.de/dailymed/resource/ingredient/clindamycin","clindamycin"
"http://www4.wiwiss.fu-berlin.de/dailymed/resource/ingredient/paliperidone","paliperidone"
"http://www4.wiwiss.fu-berlin.de/dailymed/resource/ingredient/thioguanine","thioguanine"
"http://www4.wiwiss.fu-berlin.de/dailymed/resource/ingredient/prochlorperazine","prochlorperazine"
"http://www4.wiwiss.fu-berlin.de/dailymed/resource/ingredient/Cephalexin","Cephalexin"
"http://www4.wiwiss.fu-berlin.de/dailymed/resource/ingredient/sorafenib","sorafenib"
"http://www4.wiwiss.fu-berlin.de/dailymed/resource/ingredient/pentosan_polysulfate","pentosan polysulfate"
"http://www4.wiwiss.fu-berlin.de/dailymed/resource/ingredient/imatinib","imatinib"
"http://www4.wiwiss.fu-berlin.de/dailymed/resource/ingredient/Busulfan","Busulfan"
"http://www4.wiwiss.fu-berlin.de/dailymed/resource/ingredient/levothyroxine","levothyroxine"
"http://www4.wiwiss.fu-berlin.de/dailymed/resource/ingredient/famciclovir","famciclovir"
"http://www4.wiwiss.fu-berlin.de/dailymed/resource/ingredient/Flurazepam","Flurazepam"
"http://www4.wiwiss.fu-berlin.de/dailymed/resource/ingredient/Midazolam","Midazolam"
"http://www4.wiwiss.fu-berlin.de/dailymed/resource/ingredient/tamsulosin","tamsulosin"
"http://www4.wiwiss.fu-berlin.de/dailymed/resource/ingredient/oleic_acid","oleic acid"
"http://www4.wiwiss.fu-berlin.de/dailymed/resource/ingredient/moricizine","moricizine"
"http://www4.wiwiss.fu-berlin.de/dailymed/resource/ingredient/Ketoconazole","Ketoconazole"
"http://www4.wiwiss.fu-berlin.de/dailymed/resource/ingredient/hydroxyzine","hydroxyzine"
"http://www4.wiwiss.fu-berlin.de/dailymed/resource/ingredient/dasatinib","dasatinib"
"http://www4.wiwiss.fu-berlin.de/dailymed/resource/ingredient/Verapamil","Verapamil"
"http://www4.wiwiss.fu-berlin.de/dailymed/resource/ingredient/Clonazepam","Clonazepam"
"http://www4.wiwiss.fu-berlin.de/dailymed/resource/ingredient/etidronic_acid","etidronic acid"
"http://www4.wiwiss.fu-berlin.de/dailymed/resource/ingredient/Clonidine","Clonidine"
"http://www4.wiwiss.fu-berlin.de/dailymed/resource/ingredient/Cycloserine","Cycloserine"
"http://www4.wiwiss.fu-berlin.de/dailymed/resource/ingredient/METHOTREXATE","METHOTREXATE"
"http://www4.wiwiss.fu-berlin.de/dailymed/resource/ingredient/mechlorethamine","mechlorethamine"
"http://www4.wiwiss.fu-berlin.de/dailymed/resource/ingredient/carisoprodol","carisoprodol"
"http://www4.wiwiss.fu-berlin.de/dailymed/resource/ingredient/Cysteamine","Cysteamine"
"http://www4.wiwiss.fu-berlin.de/dailymed/resource/ingredient/neomycin","neomycin"
"http://www4.wiwiss.fu-berlin.de/dailymed/resource/ingredient/Sodium_Lauryl_Sulfate","Sodium Lauryl Sulfate"
"http://www4.wiwiss.fu-berlin.de/dailymed/resource/ingredient/Cefadroxil","Cefadroxil"
"http://www4.wiwiss.fu-berlin.de/dailymed/resource/ingredient/ICODEXTRIN","ICODEXTRIN"
"http://www4.wiwiss.fu-berlin.de/dailymed/resource/ingredient/Pergolide","Pergolide"
"http://www4.wiwiss.fu-berlin.de/dailymed/resource/ingredient/Mirtazapine","Mirtazapine"
"http://www4.wiwiss.fu-berlin.de/dailymed/resource/ingredient/ASPARTAME","ASPARTAME"
"http://www4.wiwiss.fu-berlin.de/dailymed/resource/ingredient/Iodixanol","Iodixanol"
"http://www4.wiwiss.fu-berlin.de/dailymed/resource/ingredient/Penicillamine","Penicillamine"
"http://www4.wiwiss.fu-berlin.de/dailymed/resource/ingredient/POTASSIUM_CHLORIDE","POTASSIUM CHLORIDE"
"http://www4.wiwiss.fu-berlin.de/dailymed/resource/ingredient/alemtuzumab","alemtuzumab"
"http://www4.wiwiss.fu-berlin.de/dailymed/resource/ingredient/ERYTHROMYCIN","ERYTHROMYCIN"
"http://www4.wiwiss.fu-berlin.de/dailymed/resource/ingredient/kaolin","kaolin"
"http://www4.wiwiss.fu-berlin.de/dailymed/resource/ingredient/granisetron","granisetron"
"http://www4.wiwiss.fu-berlin.de/dailymed/resource/ingredient/dutasteride","dutasteride"
"http://www4.wiwiss.fu-berlin.de/dailymed/resource/ingredient/Daptomycin","Daptomycin"
"http://www4.wiwiss.fu-berlin.de/dailymed/resource/ingredient/CETRORELIX","CETRORELIX"
"http://www4.wiwiss.fu-berlin.de/dailymed/resource/ingredient/triamterene","triamterene"
"http://www4.wiwiss.fu-berlin.de/dailymed/resource/ingredient/tacrine","tacrine"
"http://www4.wiwiss.fu-berlin.de/dailymed/resource/ingredient/Penicillin_V","Penicillin V"
"http://www4.wiwiss.fu-berlin.de/dailymed/resource/ingredient/Maraviroc","Maraviroc"
"http://www4.wiwiss.fu-berlin.de/dailymed/resource/ingredient/progesterone","progesterone"
"http://www4.wiwiss.fu-berlin.de/dailymed/resource/ingredient/Benzphetamine","Benzphetamine"
"http://www4.wiwiss.fu-berlin.de/dailymed/resource/ingredient/pramlintide","pramlintide"
"http://www4.wiwiss.fu-berlin.de/dailymed/resource/ingredient/telithromycin","telithromycin"
"http://www4.wiwiss.fu-berlin.de/dailymed/resource/ingredient/Propranolol","Propranolol"
"http://www4.wiwiss.fu-berlin.de/dailymed/resource/ingredient/formoterol","formoterol"
"http://www4.wiwiss.fu-berlin.de/dailymed/resource/ingredient/cefpodoxime","cefpodoxime"
"http://www4.wiwiss.fu-berlin.de/dailymed/resource/ingredient/Choriogonadotropin_alfa","Choriogonadotropin alfa"
"http://www4.wiwiss.fu-berlin.de/dailymed/resource/ingredient/butabarbital","butabarbital"
"http://www4.wiwiss.fu-berlin.de/dailymed/resource/ingredient/Alfentanil","Alfentanil"
"http://www4.wiwiss.fu-berlin.de/dailymed/resource/ingredient/carteolol","carteolol"
"http://www4.wiwiss.fu-berlin.de/dailymed/resource/ingredient/Benzoic_Acid","Benzoic Acid"
"http://www4.wiwiss.fu-berlin.de/dailymed/resource/ingredient/Guanfacine","Guanfacine"
"http://www4.wiwiss.fu-berlin.de/dailymed/resource/ingredient/biperiden","biperiden"
"http://www4.wiwiss.fu-berlin.de/dailymed/resource/ingredient/chloroxine","chloroxine"
"http://www4.wiwiss.fu-berlin.de/dailymed/resource/ingredient/amlodipine","amlodipine"
"http://www4.wiwiss.fu-berlin.de/dailymed/resource/ingredient/Chlorthalidone","Chlorthalidone"
"http://www4.wiwiss.fu-berlin.de/dailymed/resource/ingredient/ERLOTINIB","ERLOTINIB"
"http://www4.wiwiss.fu-berlin.de/dailymed/resource/ingredient/venlafaxine","venlafaxine"
"http://www4.wiwiss.fu-berlin.de/dailymed/resource/ingredient/daunorubicin","daunorubicin"
"http://www4.wiwiss.fu-berlin.de/dailymed/resource/ingredient/trimetrexate","trimetrexate"
"http://www4.wiwiss.fu-berlin.de/dailymed/resource/ingredient/folic_acid","folic acid"
"http://www4.wiwiss.fu-berlin.de/dailymed/resource/ingredient/ETHYNODIOL_DIACETATE","ETHYNODIOL DIACETATE"
"http://www4.wiwiss.fu-berlin.de/dailymed/resource/ingredient/Colestipol","Colestipol"
"http://www4.wiwiss.fu-berlin.de/dailymed/resource/ingredient/metipranolol","metipranolol"
"http://www4.wiwiss.fu-berlin.de/dailymed/resource/ingredient/nelfinavir","nelfinavir"
"http://www4.wiwiss.fu-berlin.de/dailymed/resource/ingredient/nesiritide","nesiritide"
"http://www4.wiwiss.fu-berlin.de/dailymed/resource/ingredient/Cefuroxime","Cefuroxime"
"http://www4.wiwiss.fu-berlin.de/dailymed/resource/ingredient/Irbesartan","Irbesartan"
"http://www4.wiwiss.fu-berlin.de/dailymed/resource/ingredient/Formaldehyde","Formaldehyde"
"http://www4.wiwiss.fu-berlin.de/dailymed/resource/ingredient/fluvastatin","fluvastatin"
"http://www4.wiwiss.fu-berlin.de/dailymed/resource/ingredient/Tolazamide","Tolazamide"
"http://www4.wiwiss.fu-berlin.de/dailymed/resource/ingredient/Ibuprofen","Ibuprofen"
"http://www4.wiwiss.fu-berlin.de/dailymed/resource/ingredient/iloprost","iloprost"
"http://www4.wiwiss.fu-berlin.de/dailymed/resource/ingredient/Atomoxetine","Atomoxetine"
"http://www4.wiwiss.fu-berlin.de/dailymed/resource/ingredient/cholestyramine","cholestyramine"
"http://www4.wiwiss.fu-berlin.de/dailymed/resource/ingredient/acetazolamide","acetazolamide"
"http://www4.wiwiss.fu-berlin.de/dailymed/resource/ingredient/Olanzapine","Olanzapine"
"http://www4.wiwiss.fu-berlin.de/dailymed/resource/ingredient/flecainide","flecainide"
"http://www4.wiwiss.fu-berlin.de/dailymed/resource/ingredient/Amiodarone","Amiodarone"
"http://www4.wiwiss.fu-berlin.de/dailymed/resource/ingredient/carvedilol","carvedilol"
"http://www4.wiwiss.fu-berlin.de/dailymed/resource/ingredient/sitagliptin","sitagliptin"
"http://www4.wiwiss.fu-berlin.de/dailymed/resource/ingredient/lutropin_alfa","lutropin alfa"
"http://www4.wiwiss.fu-berlin.de/dailymed/resource/ingredient/Cefotetan","Cefotetan"
"http://www4.wiwiss.fu-berlin.de/dailymed/resource/ingredient/tobramycin","tobramycin"
"http://www4.wiwiss.fu-berlin.de/dailymed/resource/ingredient/Oxybutynin","Oxybutynin"
"http://www4.wiwiss.fu-berlin.de/dailymed/resource/ingredient/dinoprostone","dinoprostone"
"http://www4.wiwiss.fu-berlin.de/dailymed/resource/ingredient/methysergide","methysergide"
"http://www4.wiwiss.fu-berlin.de/dailymed/resource/ingredient/ciclesonide","ciclesonide"
"http://www4.wiwiss.fu-berlin.de/dailymed/resource/ingredient/alitretinoin","alitretinoin"
"http://www4.wiwiss.fu-berlin.de/dailymed/resource/ingredient/Thalidomide","Thalidomide"
"http://www4.wiwiss.fu-berlin.de/dailymed/resource/ingredient/PHENOL","PHENOL"
"http://www4.wiwiss.fu-berlin.de/dailymed/resource/ingredient/Floxuridine","Floxuridine"
"http://www4.wiwiss.fu-berlin.de/dailymed/resource/ingredient/Pemetrexed","Pemetrexed"
"http://www4.wiwiss.fu-berlin.de/dailymed/resource/ingredient/Benazepril","Benazepril"
"http://www4.wiwiss.fu-berlin.de/dailymed/resource/ingredient/tolterodine","tolterodine"
"http://www4.wiwiss.fu-berlin.de/dailymed/resource/ingredient/Hydroxypropyl_cellulose","Hydroxypropyl cellulose"
"http://www4.wiwiss.fu-berlin.de/dailymed/resource/ingredient/flunisolide","flunisolide"
"http://www4.wiwiss.fu-berlin.de/dailymed/resource/ingredient/nafarelin","nafarelin"
"http://www4.wiwiss.fu-berlin.de/dailymed/resource/ingredient/methylprednisolone","methylprednisolone"
"http://www4.wiwiss.fu-berlin.de/dailymed/resource/ingredient/pegaspargase","pegaspargase"
"http://www4.wiwiss.fu-berlin.de/dailymed/resource/ingredient/zileuton","zileuton"
"http://www4.wiwiss.fu-berlin.de/dailymed/resource/ingredient/Cefazolin","Cefazolin"
"http://www4.wiwiss.fu-berlin.de/dailymed/resource/ingredient/CITRIC_ACID","CITRIC ACID"
"http://www4.wiwiss.fu-berlin.de/dailymed/resource/ingredient/liothyronine","liothyronine"
"http://www4.wiwiss.fu-berlin.de/dailymed/resource/ingredient/azacitidine","azacitidine"
"http://www4.wiwiss.fu-berlin.de/dailymed/resource/ingredient/tranexamic_acid","tranexamic acid"
"http://www4.wiwiss.fu-berlin.de/dailymed/resource/ingredient/dipyridamole","dipyridamole"
"http://www4.wiwiss.fu-berlin.de/dailymed/resource/ingredient/ivermectin","ivermectin"
"http://www4.wiwiss.fu-berlin.de/dailymed/resource/ingredient/clonidine","clonidine"
"http://www4.wiwiss.fu-berlin.de/dailymed/resource/ingredient/desogestrel","desogestrel"
"http://www4.wiwiss.fu-berlin.de/dailymed/resource/ingredient/azelastine","azelastine"
"http://www4.wiwiss.fu-berlin.de/dailymed/resource/ingredient/riboflavin","riboflavin"
"http://www4.wiwiss.fu-berlin.de/dailymed/resource/ingredient/lansoprazole","lansoprazole"
"http://www4.wiwiss.fu-berlin.de/dailymed/resource/ingredient/HYDROXYPROPYL_CELLULOSE","HYDROXYPROPYL CELLULOSE"
"http://www4.wiwiss.fu-berlin.de/dailymed/resource/ingredient/doxazosin","doxazosin"
"http://www4.wiwiss.fu-berlin.de/dailymed/resource/ingredient/sucrose","sucrose"
"http://www4.wiwiss.fu-berlin.de/dailymed/resource/ingredient/gatifloxacin","gatifloxacin"
"http://www4.wiwiss.fu-berlin.de/dailymed/resource/ingredient/GEMIFLOXACIN","GEMIFLOXACIN"
"http://www4.wiwiss.fu-berlin.de/dailymed/resource/ingredient/latanoprost","latanoprost"
"http://www4.wiwiss.fu-berlin.de/dailymed/resource/ingredient/bimatoprost","bimatoprost"
"http://www4.wiwiss.fu-berlin.de/dailymed/resource/ingredient/vidarabine","vidarabine"
"http://www4.wiwiss.fu-berlin.de/dailymed/resource/ingredient/tolcapone","tolcapone"
"http://www4.wiwiss.fu-berlin.de/dailymed/resource/ingredient/leuprolide","leuprolide"
"http://www4.wiwiss.fu-berlin.de/dailymed/resource/ingredient/Metronidazole","Metronidazole"
"http://www4.wiwiss.fu-berlin.de/dailymed/resource/ingredient/desipramine","desipramine"
"http://www4.wiwiss.fu-berlin.de/dailymed/resource/ingredient/saquinavir","saquinavir"
"http://www4.wiwiss.fu-berlin.de/dailymed/resource/ingredient/Prednisolone","Prednisolone"
"http://www4.wiwiss.fu-berlin.de/dailymed/resource/ingredient/Tolbutamide","Tolbutamide"
"http://www4.wiwiss.fu-berlin.de/dailymed/resource/ingredient/labetalol","labetalol"
"http://www4.wiwiss.fu-berlin.de/dailymed/resource/ingredient/imipenem","imipenem"
"http://www4.wiwiss.fu-berlin.de/dailymed/resource/ingredient/Tacrolimus","Tacrolimus"
"http://www4.wiwiss.fu-berlin.de/dailymed/resource/ingredient/Carbenicillin","Carbenicillin"
"http://www4.wiwiss.fu-berlin.de/dailymed/resource/ingredient/deferasirox","deferasirox"
"http://www4.wiwiss.fu-berlin.de/dailymed/resource/ingredient/echothiophate_iodide","echothiophate iodide"
"http://www4.wiwiss.fu-berlin.de/dailymed/resource/ingredient/Dactinomycin","Dactinomycin"
"http://www4.wiwiss.fu-berlin.de/dailymed/resource/ingredient/vecuronium","vecuronium"
"http://www4.wiwiss.fu-berlin.de/dailymed/resource/ingredient/Atropine","Atropine"
"http://www4.wiwiss.fu-berlin.de/dailymed/resource/ingredient/zalcitabine","zalcitabine"
"http://www4.wiwiss.fu-berlin.de/dailymed/resource/ingredient/morphine","morphine"
"http://www4.wiwiss.fu-berlin.de/dailymed/resource/ingredient/amprenavir","amprenavir"
"http://www4.wiwiss.fu-berlin.de/dailymed/resource/ingredient/Phenol","Phenol"
"http://www4.wiwiss.fu-berlin.de/dailymed/resource/ingredient/isoproterenol","isoproterenol"
"http://www4.wiwiss.fu-berlin.de/dailymed/resource/ingredient/permethrin","permethrin"
"http://www4.wiwiss.fu-berlin.de/dailymed/resource/ingredient/aminophylline","aminophylline"
"http://www4.wiwiss.fu-berlin.de/dailymed/resource/ingredient/Diflunisal","Diflunisal"
"http://www4.wiwiss.fu-berlin.de/dailymed/resource/ingredient/arsenic_trioxide","arsenic trioxide"
"http://www4.wiwiss.fu-berlin.de/dailymed/resource/ingredient/Promethazine","Promethazine"
"http://www4.wiwiss.fu-berlin.de/dailymed/resource/ingredient/cladribine","cladribine"
"http://www4.wiwiss.fu-berlin.de/dailymed/resource/ingredient/melphalan","melphalan"
"http://www4.wiwiss.fu-berlin.de/dailymed/resource/ingredient/estazolam","estazolam"
"http://www4.wiwiss.fu-berlin.de/dailymed/resource/ingredient/methsuximide","methsuximide"
"http://www4.wiwiss.fu-berlin.de/dailymed/resource/ingredient/riluzole","riluzole"
"http://www4.wiwiss.fu-berlin.de/dailymed/resource/ingredient/Dexmedetomidine","Dexmedetomidine"
"http://www4.wiwiss.fu-berlin.de/dailymed/resource/ingredient/dipivefrin","dipivefrin"
"http://www4.wiwiss.fu-berlin.de/dailymed/resource/ingredient/Glycerol","Glycerol"
"http://www4.wiwiss.fu-berlin.de/dailymed/resource/ingredient/ipratropium","ipratropium"
"http://www4.wiwiss.fu-berlin.de/dailymed/resource/ingredient/abacavir","abacavir"
"http://www4.wiwiss.fu-berlin.de/dailymed/resource/ingredient/enalapril","enalapril"
"http://www4.wiwiss.fu-berlin.de/dailymed/resource/ingredient/cosyntropin","cosyntropin"
"http://www4.wiwiss.fu-berlin.de/dailymed/resource/ingredient/pregabalin","pregabalin"
"http://www4.wiwiss.fu-berlin.de/dailymed/resource/ingredient/Fluphenazine","Fluphenazine"
"http://www4.wiwiss.fu-berlin.de/dailymed/resource/ingredient/modafinil","modafinil"
"http://www4.wiwiss.fu-berlin.de/dailymed/resource/ingredient/Bupivacaine","Bupivacaine"
"http://www4.wiwiss.fu-berlin.de/dailymed/resource/ingredient/leucovorin","leucovorin"
"http://www4.wiwiss.fu-berlin.de/dailymed/resource/ingredient/verteporfin","verteporfin"
"http://www4.wiwiss.fu-berlin.de/dailymed/resource/ingredient/methylergonovine","methylergonovine"
"http://www4.wiwiss.fu-berlin.de/dailymed/resource/ingredient/gadoversetamide","gadoversetamide"
"http://www4.wiwiss.fu-berlin.de/dailymed/resource/ingredient/letrozole","letrozole"
"http://www4.wiwiss.fu-berlin.de/dailymed/resource/ingredient/CEFPROZIL","CEFPROZIL"
"http://www4.wiwiss.fu-berlin.de/dailymed/resource/ingredient/sulfadiazine","sulfadiazine"
"http://www4.wiwiss.fu-berlin.de/dailymed/resource/ingredient/azithromycin","azithromycin"
"http://www4.wiwiss.fu-berlin.de/dailymed/resource/ingredient/idoxuridine","idoxuridine"
"http://www4.wiwiss.fu-berlin.de/dailymed/resource/ingredient/Chloroquine","Chloroquine"
"http://www4.wiwiss.fu-berlin.de/dailymed/resource/ingredient/Flurbiprofen","Flurbiprofen"
"http://www4.wiwiss.fu-berlin.de/dailymed/resource/ingredient/potassium_chloride","potassium chloride"
"http://www4.wiwiss.fu-berlin.de/dailymed/resource/ingredient/conjugated_estrogens","conjugated estrogens"
"http://www4.wiwiss.fu-berlin.de/dailymed/resource/ingredient/danazol","danazol"
"http://www4.wiwiss.fu-berlin.de/dailymed/resource/ingredient/FLUVOXAMINE","FLUVOXAMINE"
"http://www4.wiwiss.fu-berlin.de/dailymed/resource/ingredient/Propofol","Propofol"
"http://www4.wiwiss.fu-berlin.de/dailymed/resource/ingredient/palonosetron","palonosetron"
"http://www4.wiwiss.fu-berlin.de/dailymed/resource/ingredient/Halobetasol_Propionate","Halobetasol Propionate"
"http://www4.wiwiss.fu-berlin.de/dailymed/resource/ingredient/Mebendazole","Mebendazole"
"http://www4.wiwiss.fu-berlin.de/dailymed/resource/ingredient/L-histidine","L-histidine"
"http://www4.wiwiss.fu-berlin.de/dailymed/resource/ingredient/oxymorphone","oxymorphone"
"http://www4.wiwiss.fu-berlin.de/dailymed/resource/ingredient/crotamiton","crotamiton"
"http://www4.wiwiss.fu-berlin.de/dailymed/resource/ingredient/natamycin","natamycin"
"http://www4.wiwiss.fu-berlin.de/dailymed/resource/ingredient/Iron","Iron"
"http://www4.wiwiss.fu-berlin.de/dailymed/resource/ingredient/Dimethyl_Sulfoxide","Dimethyl Sulfoxide"
"http://www4.wiwiss.fu-berlin.de/dailymed/resource/ingredient/Chlorothiazide","Chlorothiazide"
"http://www4.wiwiss.fu-berlin.de/dailymed/resource/ingredient/tacrolimus","tacrolimus"
"http://www4.wiwiss.fu-berlin.de/dailymed/resource/ingredient/stearic_acid","stearic acid"
"http://www4.wiwiss.fu-berlin.de/dailymed/resource/ingredient/ergocalciferol","ergocalciferol"
"http://www4.wiwiss.fu-berlin.de/dailymed/resource/ingredient/trovafloxacin","trovafloxacin"
"http://www4.wiwiss.fu-berlin.de/dailymed/resource/ingredient/Succimer","Succimer"
"http://www4.wiwiss.fu-berlin.de/dailymed/resource/ingredient/etoposide","etoposide"
"http://www4.wiwiss.fu-berlin.de/dailymed/resource/ingredient/tegaserod","tegaserod"
"http://www4.wiwiss.fu-berlin.de/dailymed/resource/ingredient/misoprostol","misoprostol"
"http://www4.wiwiss.fu-berlin.de/dailymed/resource/ingredient/rifabutin","rifabutin"
"http://www4.wiwiss.fu-berlin.de/dailymed/resource/ingredient/oxaliplatin","oxaliplatin"
"http://www4.wiwiss.fu-berlin.de/dailymed/resource/ingredient/Dextromethorphan","Dextromethorphan"
"http://www4.wiwiss.fu-berlin.de/dailymed/resource/ingredient/Cortisone_Acetate","Cortisone Acetate"
"http://www4.wiwiss.fu-berlin.de/dailymed/resource/ingredient/Fluocinolone_Acetonide","Fluocinolone Acetonide"
"http://www4.wiwiss.fu-berlin.de/dailymed/resource/ingredient/theophylline","theophylline"
"http://www4.wiwiss.fu-berlin.de/dailymed/resource/ingredient/ofloxacin","ofloxacin"
"http://www4.wiwiss.fu-berlin.de/dailymed/resource/ingredient/Meclofenamic_acid","Meclofenamic acid"
"http://www4.wiwiss.fu-berlin.de/dailymed/resource/ingredient/posaconazole","posaconazole"
"http://www4.wiwiss.fu-berlin.de/dailymed/resource/ingredient/pravastatin","pravastatin"
"http://www4.wiwiss.fu-berlin.de/dailymed/resource/ingredient/Zidovudine","Zidovudine"
"http://www4.wiwiss.fu-berlin.de/dailymed/resource/ingredient/Meclizine","Meclizine"
"http://www4.wiwiss.fu-berlin.de/dailymed/resource/ingredient/piroxicam","piroxicam"
"http://www4.wiwiss.fu-berlin.de/dailymed/resource/ingredient/Monothioglycerol","Monothioglycerol"
"http://www4.wiwiss.fu-berlin.de/dailymed/resource/ingredient/epinephrine","epinephrine"
"http://www4.wiwiss.fu-berlin.de/dailymed/resource/ingredient/dobutamine","dobutamine"
"http://www4.wiwiss.fu-berlin.de/dailymed/resource/ingredient/hydroxocobalamin","hydroxocobalamin"
"http://www4.wiwiss.fu-berlin.de/dailymed/resource/ingredient/imiglucerase","imiglucerase"
"http://www4.wiwiss.fu-berlin.de/dailymed/resource/ingredient/beclomethasone","beclomethasone"
"http://www4.wiwiss.fu-berlin.de/dailymed/resource/ingredient/acarbose","acarbose"
"http://www4.wiwiss.fu-berlin.de/dailymed/resource/ingredient/Carbachol","Carbachol"
"http://www4.wiwiss.fu-berlin.de/dailymed/resource/ingredient/Isoflurane","Isoflurane"
"http://www4.wiwiss.fu-berlin.de/dailymed/resource/ingredient/almotriptan","almotriptan"
"http://www4.wiwiss.fu-berlin.de/dailymed/resource/ingredient/Bethanechol","Bethanechol"
"http://www4.wiwiss.fu-berlin.de/dailymed/resource/ingredient/tizanidine","tizanidine"
"http://www4.wiwiss.fu-berlin.de/dailymed/resource/ingredient/isradipine","isradipine"
"http://www4.wiwiss.fu-berlin.de/dailymed/resource/ingredient/treprostinil","treprostinil"
"http://www4.wiwiss.fu-berlin.de/dailymed/resource/ingredient/penbutolol","penbutolol"
"http://www4.wiwiss.fu-berlin.de/dailymed/resource/ingredient/idarubicin","idarubicin"
"http://www4.wiwiss.fu-berlin.de/dailymed/resource/ingredient/aprepitant","aprepitant"
"http://www4.wiwiss.fu-berlin.de/dailymed/resource/ingredient/Nitrofurantoin","Nitrofurantoin"
"http://www4.wiwiss.fu-berlin.de/dailymed/resource/ingredient/Brompheniramine","Brompheniramine"
"http://www4.wiwiss.fu-berlin.de/dailymed/resource/ingredient/oxazepam","oxazepam"
"http://www4.wiwiss.fu-berlin.de/dailymed/resource/ingredient/dantrolene","dantrolene"
"http://www4.wiwiss.fu-berlin.de/dailymed/resource/ingredient/MEGESTROL","MEGESTROL"
"http://www4.wiwiss.fu-berlin.de/dailymed/resource/ingredient/Atenolol","Atenolol"
"http://www4.wiwiss.fu-berlin.de/dailymed/resource/ingredient/amphotericin_B","amphotericin B"
"http://www4.wiwiss.fu-berlin.de/dailymed/resource/ingredient/pantoprazole","pantoprazole"
"http://www4.wiwiss.fu-berlin.de/dailymed/resource/ingredient/Hydrochlorothiazide","Hydrochlorothiazide"
"http://www4.wiwiss.fu-berlin.de/dailymed/resource/ingredient/emtricitabine","emtricitabine"
"http://www4.wiwiss.fu-berlin.de/dailymed/resource/ingredient/valdecoxib","valdecoxib"
"http://www4.wiwiss.fu-berlin.de/dailymed/resource/ingredient/Nimodipine","Nimodipine"
"http://www4.wiwiss.fu-berlin.de/dailymed/resource/ingredient/Gadodiamide","Gadodiamide"
"http://www4.wiwiss.fu-berlin.de/dailymed/resource/ingredient/clotrimazole","clotrimazole"
"http://www4.wiwiss.fu-berlin.de/dailymed/resource/ingredient/PALIFERMIN","PALIFERMIN"
"http://www4.wiwiss.fu-berlin.de/dailymed/resource/ingredient/TRIMIPRAMINE","TRIMIPRAMINE"
"http://www4.wiwiss.fu-berlin.de/dailymed/resource/ingredient/lenalidomide","lenalidomide"
"http://www4.wiwiss.fu-berlin.de/dailymed/resource/ingredient/ethionamide","ethionamide"
"http://www4.wiwiss.fu-berlin.de/dailymed/resource/ingredient/ramelteon","ramelteon"
"http://www4.wiwiss.fu-berlin.de/dailymed/resource/ingredient/chlorpromazine","chlorpromazine"
"http://www4.wiwiss.fu-berlin.de/dailymed/resource/ingredient/alprostadil","alprostadil"
"http://www4.wiwiss.fu-berlin.de/dailymed/resource/ingredient/Epinastine","Epinastine"
"http://www4.wiwiss.fu-berlin.de/dailymed/resource/ingredient/Prilocaine","Prilocaine"
"http://www4.wiwiss.fu-berlin.de/dailymed/resource/ingredient/Eptifibatide","Eptifibatide"
"http://www4.wiwiss.fu-berlin.de/dailymed/resource/ingredient/meprobamate","meprobamate"
"http://www4.wiwiss.fu-berlin.de/dailymed/resource/ingredient/Stavudine","Stavudine"
"http://www4.wiwiss.fu-berlin.de/dailymed/resource/ingredient/Tadalafil","Tadalafil"
"http://www4.wiwiss.fu-berlin.de/dailymed/resource/ingredient/allopurinol","allopurinol"
"http://www4.wiwiss.fu-berlin.de/dailymed/resource/ingredient/benzoic_acid","benzoic acid"
"http://www4.wiwiss.fu-berlin.de/dailymed/resource/ingredient/Interferon_alfacon-1","Interferon alfacon-1"
"http://www4.wiwiss.fu-berlin.de/dailymed/resource/ingredient/suprofen","suprofen"
"http://www4.wiwiss.fu-berlin.de/dailymed/resource/ingredient/PENTOBARBITAL","PENTOBARBITAL"
"http://www4.wiwiss.fu-berlin.de/dailymed/resource/ingredient/naloxone","naloxone"
"http://www4.wiwiss.fu-berlin.de/dailymed/resource/ingredient/darunavir","darunavir"
"http://www4.wiwiss.fu-berlin.de/dailymed/resource/ingredient/Gemcitabine","Gemcitabine"
"http://www4.wiwiss.fu-berlin.de/dailymed/resource/ingredient/L-arginine","L-arginine"
"http://www4.wiwiss.fu-berlin.de/dailymed/resource/ingredient/minoxidil","minoxidil"
"http://www4.wiwiss.fu-berlin.de/dailymed/resource/ingredient/Nortriptyline","Nortriptyline"
"http://www4.wiwiss.fu-berlin.de/dailymed/resource/ingredient/naltrexone","naltrexone"
"http://www4.wiwiss.fu-berlin.de/dailymed/resource/ingredient/paricalcitol","paricalcitol"
"http://www4.wiwiss.fu-berlin.de/dailymed/resource/ingredient/metyrosine","metyrosine"
"http://www4.wiwiss.fu-berlin.de/dailymed/resource/ingredient/thalidomide","thalidomide"
"http://www4.wiwiss.fu-berlin.de/dailymed/resource/ingredient/ceftizoxime","ceftizoxime"
"http://www4.wiwiss.fu-berlin.de/dailymed/resource/ingredient/fentanyl","fentanyl"
"http://www4.wiwiss.fu-berlin.de/dailymed/resource/ingredient/benzyl_benzoate","benzyl benzoate"
"http://www4.wiwiss.fu-berlin.de/dailymed/resource/ingredient/GLYCOPYRROLATE","GLYCOPYRROLATE"
"http://www4.wiwiss.fu-berlin.de/dailymed/resource/ingredient/Sulfamethoxazole","Sulfamethoxazole"
"http://www4.wiwiss.fu-berlin.de/dailymed/resource/ingredient/Paclitaxel","Paclitaxel"
"http://www4.wiwiss.fu-berlin.de/dailymed/resource/ingredient/Ethotoin","Ethotoin"
"http://www4.wiwiss.fu-berlin.de/dailymed/resource/ingredient/Magnesium_Oxide","Magnesium Oxide"
"http://www4.wiwiss.fu-berlin.de/dailymed/resource/ingredient/olopatadine","olopatadine"
"http://www4.wiwiss.fu-berlin.de/dailymed/resource/ingredient/urea","urea"
"http://www4.wiwiss.fu-berlin.de/dailymed/resource/ingredient/propantheline","propantheline"
"http://www4.wiwiss.fu-berlin.de/dailymed/resource/ingredient/Ondansetron","Ondansetron"
"http://www4.wiwiss.fu-berlin.de/dailymed/resource/ingredient/Menthol","Menthol"
"http://www4.wiwiss.fu-berlin.de/dailymed/resource/ingredient/warfarin","warfarin"
"http://www4.wiwiss.fu-berlin.de/dailymed/resource/ingredient/tipranavir","tipranavir"
"http://www4.wiwiss.fu-berlin.de/dailymed/resource/ingredient/apomorphine","apomorphine"
"http://www4.wiwiss.fu-berlin.de/dailymed/resource/ingredient/bleomycin","bleomycin"
"http://www4.wiwiss.fu-berlin.de/dailymed/resource/ingredient/Metaxalone","Metaxalone"
"http://www4.wiwiss.fu-berlin.de/dailymed/resource/ingredient/praziquantel","praziquantel"
"http://www4.wiwiss.fu-berlin.de/dailymed/resource/ingredient/Doxorubicin","Doxorubicin"
"http://www4.wiwiss.fu-berlin.de/dailymed/resource/ingredient/SUCROSE","SUCROSE"
"http://www4.wiwiss.fu-berlin.de/dailymed/resource/ingredient/procaine","procaine"
"http://www4.wiwiss.fu-berlin.de/dailymed/resource/ingredient/Felodipine","Felodipine"
"http://www4.wiwiss.fu-berlin.de/dailymed/resource/ingredient/Halothane","Halothane"
"http://www4.wiwiss.fu-berlin.de/dailymed/resource/ingredient/sumatriptan","sumatriptan"
"http://www4.wiwiss.fu-berlin.de/dailymed/resource/ingredient/succinylcholine","succinylcholine"
"http://www4.wiwiss.fu-berlin.de/dailymed/resource/ingredient/medroxyprogesterone","medroxyprogesterone"
"http://www4.wiwiss.fu-berlin.de/dailymed/resource/ingredient/Mercaptopurine","Mercaptopurine"
"http://www4.wiwiss.fu-berlin.de/dailymed/resource/ingredient/phytonadione","phytonadione"
"http://www4.wiwiss.fu-berlin.de/dailymed/resource/ingredient/Streptomycin","Streptomycin"
"http://www4.wiwiss.fu-berlin.de/dailymed/resource/ingredient/indapamide","indapamide"
"http://www4.wiwiss.fu-berlin.de/dailymed/resource/ingredient/spironolactone","spironolactone"
"http://www4.wiwiss.fu-berlin.de/dailymed/resource/ingredient/Hydroxypropyl_Cellulose","Hydroxypropyl Cellulose"
"http://www4.wiwiss.fu-berlin.de/dailymed/resource/ingredient/ampicillin","ampicillin"
"http://www4.wiwiss.fu-berlin.de/dailymed/resource/ingredient/chlorzoxazone","chlorzoxazone"
"http://www4.wiwiss.fu-berlin.de/dailymed/resource/ingredient/ethotoin","ethotoin"
"http://www4.wiwiss.fu-berlin.de/dailymed/resource/ingredient/tiotropium","tiotropium"
"http://www4.wiwiss.fu-berlin.de/dailymed/resource/ingredient/TICARCILLIN","TICARCILLIN"
"http://www4.wiwiss.fu-berlin.de/dailymed/resource/ingredient/BACITRACIN","BACITRACIN"
"http://www4.wiwiss.fu-berlin.de/dailymed/resource/ingredient/lidocaine","lidocaine"
"http://www4.wiwiss.fu-berlin.de/dailymed/resource/ingredient/Rimantadine","Rimantadine"
"http://www4.wiwiss.fu-berlin.de/dailymed/resource/ingredient/mitotane","mitotane"
"http://www4.wiwiss.fu-berlin.de/dailymed/resource/ingredient/levorphanol","levorphanol"
"http://www4.wiwiss.fu-berlin.de/dailymed/resource/ingredient/nicardipine","nicardipine"
"http://www4.wiwiss.fu-berlin.de/dailymed/resource/ingredient/Disopyramide","Disopyramide"
"http://www4.wiwiss.fu-berlin.de/dailymed/resource/ingredient/Tenecteplase","Tenecteplase"
"http://www4.wiwiss.fu-berlin.de/dailymed/resource/ingredient/sucralfate","sucralfate"
"http://www4.wiwiss.fu-berlin.de/dailymed/resource/ingredient/rasagiline","rasagiline"
"http://www4.wiwiss.fu-berlin.de/dailymed/resource/ingredient/SODIUM_BICARBONATE","SODIUM BICARBONATE"
"http://www4.wiwiss.fu-berlin.de/dailymed/resource/ingredient/Mycophenolate_mofetil","Mycophenolate mofetil"
"http://www4.wiwiss.fu-berlin.de/dailymed/resource/ingredient/Mefloquine","Mefloquine"
"http://www4.wiwiss.fu-berlin.de/dailymed/resource/ingredient/prazosin","prazosin"
"http://www4.wiwiss.fu-berlin.de/dailymed/resource/ingredient/salmeterol","salmeterol"
"http://www4.wiwiss.fu-berlin.de/dailymed/resource/ingredient/rituximab","rituximab"
"http://www4.wiwiss.fu-berlin.de/dailymed/resource/ingredient/prednisolone","prednisolone"
"http://www4.wiwiss.fu-berlin.de/dailymed/resource/ingredient/Irinotecan","Irinotecan"
"http://www4.wiwiss.fu-berlin.de/dailymed/resource/ingredient/rabeprazole","rabeprazole"
"http://www4.wiwiss.fu-berlin.de/dailymed/resource/ingredient/AMIFOSTINE","AMIFOSTINE"
"http://www4.wiwiss.fu-berlin.de/dailymed/resource/ingredient/Clemastine","Clemastine"
"http://www4.wiwiss.fu-berlin.de/dailymed/resource/ingredient/Trandolapril","Trandolapril"
"http://www4.wiwiss.fu-berlin.de/dailymed/resource/ingredient/Methoxsalen","Methoxsalen"
"http://www4.wiwiss.fu-berlin.de/dailymed/resource/ingredient/droperidol","droperidol"
"http://www4.wiwiss.fu-berlin.de/dailymed/resource/ingredient/iodipamide","iodipamide"
"http://www4.wiwiss.fu-berlin.de/dailymed/resource/ingredient/auranofin","auranofin"
"http://www4.wiwiss.fu-berlin.de/dailymed/resource/ingredient/azelaic_acid","azelaic acid"
"http://www4.wiwiss.fu-berlin.de/dailymed/resource/ingredient/ranitidine","ranitidine"
"http://www4.wiwiss.fu-berlin.de/dailymed/resource/ingredient/phenol","phenol"
"http://www4.wiwiss.fu-berlin.de/dailymed/resource/ingredient/ceftibuten","ceftibuten"
"http://www4.wiwiss.fu-berlin.de/dailymed/resource/ingredient/aripiprazole","aripiprazole"
"http://www4.wiwiss.fu-berlin.de/dailymed/resource/ingredient/darifenacin","darifenacin"
"http://www4.wiwiss.fu-berlin.de/dailymed/resource/ingredient/sulfanilamide","sulfanilamide"
"http://www4.wiwiss.fu-berlin.de/dailymed/resource/ingredient/norgestrel","norgestrel"
"http://www4.wiwiss.fu-berlin.de/dailymed/resource/ingredient/delavirdine","delavirdine"
"http://www4.wiwiss.fu-berlin.de/dailymed/resource/ingredient/Riboflavin","Riboflavin"
"http://www4.wiwiss.fu-berlin.de/dailymed/resource/ingredient/perphenazine","perphenazine"
"http://www4.wiwiss.fu-berlin.de/dailymed/resource/ingredient/milrinone","milrinone"
"http://www4.wiwiss.fu-berlin.de/dailymed/resource/ingredient/eprosartan","eprosartan"
"http://www4.wiwiss.fu-berlin.de/dailymed/resource/ingredient/ethanol","ethanol"
"http://www4.wiwiss.fu-berlin.de/dailymed/resource/ingredient/rizatriptan","rizatriptan"
"http://www4.wiwiss.fu-berlin.de/dailymed/resource/ingredient/Trihexyphenidyl","Trihexyphenidyl"
"http://www4.wiwiss.fu-berlin.de/dailymed/resource/ingredient/procyclidine","procyclidine"
"http://www4.wiwiss.fu-berlin.de/dailymed/resource/ingredient/podofilox","podofilox"
"http://www4.wiwiss.fu-berlin.de/dailymed/resource/ingredient/topiramate","topiramate"
"http://www4.wiwiss.fu-berlin.de/dailymed/resource/ingredient/Oxycodone","Oxycodone"
"http://www4.wiwiss.fu-berlin.de/dailymed/resource/ingredient/Lopinavir","Lopinavir"
"http://www4.wiwiss.fu-berlin.de/dailymed/resource/ingredient/atracurium","atracurium"
"http://www4.wiwiss.fu-berlin.de/dailymed/resource/ingredient/Dicloxacillin","Dicloxacillin"
"http://www4.wiwiss.fu-berlin.de/dailymed/resource/ingredient/carbidopa","carbidopa"
"http://www4.wiwiss.fu-berlin.de/dailymed/resource/ingredient/citric_acid","citric acid"
"http://www4.wiwiss.fu-berlin.de/dailymed/resource/ingredient/Clobetasol","Clobetasol"
"http://www4.wiwiss.fu-berlin.de/dailymed/resource/ingredient/miconazole","miconazole"
"http://www4.wiwiss.fu-berlin.de/dailymed/resource/ingredient/Nalbuphine","Nalbuphine"
"http://www4.wiwiss.fu-berlin.de/dailymed/resource/ingredient/nitric_oxide","nitric oxide"
"http://www4.wiwiss.fu-berlin.de/dailymed/resource/ingredient/ranolazine","ranolazine"
"http://www4.wiwiss.fu-berlin.de/dailymed/resource/ingredient/Methazolamide","Methazolamide"
"http://www4.wiwiss.fu-berlin.de/dailymed/resource/ingredient/PIOGLITAZONE","PIOGLITAZONE"
"http://www4.wiwiss.fu-berlin.de/dailymed/resource/ingredient/follitropin_beta","follitropin beta"
"http://www4.wiwiss.fu-berlin.de/dailymed/resource/ingredient/thiotepa","thiotepa"
"http://www4.wiwiss.fu-berlin.de/dailymed/resource/ingredient/aminoglutethimide","aminoglutethimide"
"http://www4.wiwiss.fu-berlin.de/dailymed/resource/ingredient/diflorasone","diflorasone"
"http://www4.wiwiss.fu-berlin.de/dailymed/resource/ingredient/CASPOFUNGIN","CASPOFUNGIN"
"http://www4.wiwiss.fu-berlin.de/dailymed/resource/ingredient/levobunolol","levobunolol"
"http://www4.wiwiss.fu-berlin.de/dailymed/resource/ingredient/Aminophylline","Aminophylline"
"http://www4.wiwiss.fu-berlin.de/dailymed/resource/ingredient/Isoniazid","Isoniazid"
"http://www4.wiwiss.fu-berlin.de/dailymed/resource/ingredient/lisinopril","lisinopril"
"http://www4.wiwiss.fu-berlin.de/dailymed/resource/ingredient/MELOXICAM","MELOXICAM"
"http://www4.wiwiss.fu-berlin.de/dailymed/resource/ingredient/paromomycin","paromomycin"
"http://www4.wiwiss.fu-berlin.de/dailymed/resource/ingredient/hydroxychloroquine","hydroxychloroquine"
"http://www4.wiwiss.fu-berlin.de/dailymed/resource/ingredient/fluoxymesterone","fluoxymesterone"
"http://www4.wiwiss.fu-berlin.de/dailymed/resource/ingredient/calcium_chloride","calcium chloride"
"http://www4.wiwiss.fu-berlin.de/dailymed/resource/ingredient/aztreonam","aztreonam"
"http://www4.wiwiss.fu-berlin.de/dailymed/resource/ingredient/CITALOPRAM","CITALOPRAM"
"http://www4.wiwiss.fu-berlin.de/dailymed/resource/ingredient/Pegademase_bovine","Pegademase bovine"
"http://www4.wiwiss.fu-berlin.de/dailymed/resource/ingredient/methamphetamine","methamphetamine"
"http://www4.wiwiss.fu-berlin.de/dailymed/resource/ingredient/Sufentanil","Sufentanil"
"http://www4.wiwiss.fu-berlin.de/dailymed/resource/ingredient/isotretinoin","isotretinoin"
"http://www4.wiwiss.fu-berlin.de/dailymed/resource/ingredient/Lactic_acid","Lactic acid"
"http://www4.wiwiss.fu-berlin.de/dailymed/resource/ingredient/monothioglycerol","monothioglycerol"
"http://www4.wiwiss.fu-berlin.de/dailymed/resource/ingredient/Naproxen","Naproxen"
"http://www4.wiwiss.fu-berlin.de/dailymed/resource/ingredient/Stearic_Acid","Stearic Acid"
"http://www4.wiwiss.fu-berlin.de/dailymed/resource/ingredient/calcitriol","calcitriol"
"http://www4.wiwiss.fu-berlin.de/dailymed/resource/ingredient/Propafenone","Propafenone"
"http://www4.wiwiss.fu-berlin.de/dailymed/resource/ingredient/Fluoxetine","Fluoxetine"
"http://www4.wiwiss.fu-berlin.de/dailymed/resource/ingredient/Fosphenytoin","Fosphenytoin"
"http://www4.wiwiss.fu-berlin.de/dailymed/resource/ingredient/bexarotene","bexarotene"
"http://www4.wiwiss.fu-berlin.de/dailymed/resource/ingredient/doxapram","doxapram"
"http://www4.wiwiss.fu-berlin.de/dailymed/resource/ingredient/MANNITOL","MANNITOL"
"http://www4.wiwiss.fu-berlin.de/dailymed/resource/ingredient/Terbinafine","Terbinafine"
"http://www4.wiwiss.fu-berlin.de/dailymed/resource/ingredient/Sodium_bicarbonate","Sodium bicarbonate"
"http://www4.wiwiss.fu-berlin.de/dailymed/resource/ingredient/oxytocin","oxytocin"
"http://www4.wiwiss.fu-berlin.de/dailymed/resource/ingredient/Amoxicillin","Amoxicillin"
"http://www4.wiwiss.fu-berlin.de/dailymed/resource/ingredient/nitroglycerin","nitroglycerin"
"http://www4.wiwiss.fu-berlin.de/dailymed/resource/ingredient/clopidogrel","clopidogrel"
"http://www4.wiwiss.fu-berlin.de/dailymed/resource/ingredient/ethanolamine","ethanolamine"
"http://www4.wiwiss.fu-berlin.de/dailymed/resource/ingredient/nystatin","nystatin"
"http://www4.wiwiss.fu-berlin.de/dailymed/resource/ingredient/cefoperazone","cefoperazone"
"http://www4.wiwiss.fu-berlin.de/dailymed/resource/ingredient/Oxytetracycline","Oxytetracycline"
"http://www4.wiwiss.fu-berlin.de/dailymed/resource/ingredient/cefepime","cefepime"
"http://www4.wiwiss.fu-berlin.de/dailymed/resource/ingredient/ethambutol","ethambutol"
"http://www4.wiwiss.fu-berlin.de/dailymed/resource/ingredient/rifampin","rifampin"
"http://www4.wiwiss.fu-berlin.de/dailymed/resource/ingredient/Tazarotene","Tazarotene"
"http://www4.wiwiss.fu-berlin.de/dailymed/resource/ingredient/Zonisamide","Zonisamide"
"http://www4.wiwiss.fu-berlin.de/dailymed/resource/ingredient/demeclocycline","demeclocycline"
"http://www4.wiwiss.fu-berlin.de/dailymed/resource/ingredient/rosiglitazone","rosiglitazone"
"http://www4.wiwiss.fu-berlin.de/dailymed/resource/ingredient/Ethosuximide","Ethosuximide"
"http://www4.wiwiss.fu-berlin.de/dailymed/resource/ingredient/mesoridazine","mesoridazine"
"http://www4.wiwiss.fu-berlin.de/dailymed/resource/ingredient/fosinopril","fosinopril"
"http://www4.wiwiss.fu-berlin.de/dailymed/resource/ingredient/valsartan","valsartan"
"http://www4.wiwiss.fu-berlin.de/dailymed/resource/ingredient/porfimer","porfimer"
"http://www4.wiwiss.fu-berlin.de/dailymed/resource/ingredient/toremifene","toremifene"
"http://www4.wiwiss.fu-berlin.de/dailymed/resource/ingredient/Procaine","Procaine"
"http://www4.wiwiss.fu-berlin.de/dailymed/resource/ingredient/Carvedilol","Carvedilol"
"http://www4.wiwiss.fu-berlin.de/dailymed/resource/ingredient/Maleic_Acid","Maleic Acid"
"http://www4.wiwiss.fu-berlin.de/dailymed/resource/ingredient/panitumumab","panitumumab"
"http://www4.wiwiss.fu-berlin.de/dailymed/resource/ingredient/phendimetrazine","phendimetrazine"
"http://www4.wiwiss.fu-berlin.de/dailymed/resource/ingredient/lorazepam","lorazepam"
"http://www4.wiwiss.fu-berlin.de/dailymed/resource/ingredient/buspirone","buspirone"
"http://www4.wiwiss.fu-berlin.de/dailymed/resource/ingredient/esomeprazole","esomeprazole"
"http://www4.wiwiss.fu-berlin.de/dailymed/resource/ingredient/diazoxide","diazoxide"
"http://www4.wiwiss.fu-berlin.de/dailymed/resource/ingredient/Ceftriaxone","Ceftriaxone"
"http://www4.wiwiss.fu-berlin.de/dailymed/resource/ingredient/PROTRIPTYLINE","PROTRIPTYLINE"
"http://www4.wiwiss.fu-berlin.de/dailymed/resource/ingredient/Benzoic_acid","Benzoic acid"
"http://www4.wiwiss.fu-berlin.de/dailymed/resource/ingredient/cinacalcet","cinacalcet"
"http://www4.wiwiss.fu-berlin.de/dailymed/resource/ingredient/primaquine","primaquine"
"http://www4.wiwiss.fu-berlin.de/dailymed/resource/ingredient/norfloxacin","norfloxacin"
"http://www4.wiwiss.fu-berlin.de/dailymed/resource/ingredient/dolasetron","dolasetron"
"http://www4.wiwiss.fu-berlin.de/dailymed/resource/ingredient/Pentazocine","Pentazocine"
"http://www4.wiwiss.fu-berlin.de/dailymed/resource/ingredient/imipramine","imipramine"
"http://www4.wiwiss.fu-berlin.de/dailymed/resource/ingredient/trifluridine","trifluridine"
"http://www4.wiwiss.fu-berlin.de/dailymed/resource/ingredient/Citric_acid","Citric acid"
"http://www4.wiwiss.fu-berlin.de/dailymed/resource/ingredient/dicyclomine","dicyclomine"
"http://www4.wiwiss.fu-berlin.de/dailymed/resource/ingredient/Oleic_Acid","Oleic Acid"
"http://www4.wiwiss.fu-berlin.de/dailymed/resource/ingredient/Meropenem","Meropenem"
"http://www4.wiwiss.fu-berlin.de/dailymed/resource/ingredient/betaxolol","betaxolol"
"http://www4.wiwiss.fu-berlin.de/dailymed/resource/ingredient/Etomidate","Etomidate"
"http://www4.wiwiss.fu-berlin.de/dailymed/resource/ingredient/topotecan","topotecan"
"http://www4.wiwiss.fu-berlin.de/dailymed/resource/ingredient/Desoximetasone","Desoximetasone"
"http://www4.wiwiss.fu-berlin.de/dailymed/resource/ingredient/Edetic_acid","Edetic acid"
"http://www4.wiwiss.fu-berlin.de/dailymed/resource/ingredient/Trifluoperazine","Trifluoperazine"
"http://www4.wiwiss.fu-berlin.de/dailymed/resource/ingredient/Capreomycin","Capreomycin"
"http://www4.wiwiss.fu-berlin.de/dailymed/resource/ingredient/desmopressin","desmopressin"
"http://www4.wiwiss.fu-berlin.de/dailymed/resource/ingredient/isocarboxazid","isocarboxazid"
"http://www4.wiwiss.fu-berlin.de/dailymed/resource/ingredient/ACETIC_ACID","ACETIC ACID"
"http://www4.wiwiss.fu-berlin.de/dailymed/resource/ingredient/linezolid","linezolid"
"http://www4.wiwiss.fu-berlin.de/dailymed/resource/ingredient/diphenoxylate","diphenoxylate"
"http://www4.wiwiss.fu-berlin.de/dailymed/resource/ingredient/cyclosporine","cyclosporine"
"http://www4.wiwiss.fu-berlin.de/dailymed/resource/ingredient/thimerosal","thimerosal"
"http://www4.wiwiss.fu-berlin.de/dailymed/resource/ingredient/FAMOTIDINE","FAMOTIDINE"
"http://www4.wiwiss.fu-berlin.de/dailymed/resource/ingredient/travoprost","travoprost"
"http://www4.wiwiss.fu-berlin.de/dailymed/resource/ingredient/Methylphenidate","Methylphenidate"
"http://www4.wiwiss.fu-berlin.de/dailymed/resource/ingredient/atazanavir","atazanavir"
"http://www4.wiwiss.fu-berlin.de/dailymed/resource/ingredient/Isosorbide_mononitrate","Isosorbide mononitrate"
"http://www4.wiwiss.fu-berlin.de/dailymed/resource/ingredient/Gallium_nitrate","Gallium nitrate"
"http://www4.wiwiss.fu-berlin.de/dailymed/resource/ingredient/metoclopramide","metoclopramide"
"http://www4.wiwiss.fu-berlin.de/dailymed/resource/ingredient/Gentamicin","Gentamicin"
"http://www4.wiwiss.fu-berlin.de/dailymed/resource/ingredient/alfuzosin","alfuzosin"
"http://www4.wiwiss.fu-berlin.de/dailymed/resource/ingredient/norgestimate","norgestimate"
"http://www4.wiwiss.fu-berlin.de/dailymed/resource/ingredient/Cabergoline","Cabergoline"
"http://www4.wiwiss.fu-berlin.de/dailymed/resource/ingredient/bromfenac","bromfenac"
"http://www4.wiwiss.fu-berlin.de/dailymed/resource/ingredient/metyrapone","metyrapone"
"http://www4.wiwiss.fu-berlin.de/dailymed/resource/ingredient/LEFLUNOMIDE","LEFLUNOMIDE"
"http://www4.wiwiss.fu-berlin.de/dailymed/resource/ingredient/octreotide","octreotide"
"http://www4.wiwiss.fu-berlin.de/dailymed/resource/ingredient/Epinephrine","Epinephrine"
"http://www4.wiwiss.fu-berlin.de/dailymed/resource/ingredient/Stearic_acid","Stearic acid"
"http://www4.wiwiss.fu-berlin.de/dailymed/resource/ingredient/Dopamine","Dopamine"
"http://www4.wiwiss.fu-berlin.de/dailymed/resource/ingredient/Flavoxate","Flavoxate"
"http://www4.wiwiss.fu-berlin.de/dailymed/resource/ingredient/Fluorescein","Fluorescein"
"http://www4.wiwiss.fu-berlin.de/dailymed/resource/ingredient/MITOXANTRONE","MITOXANTRONE"
"http://www4.wiwiss.fu-berlin.de/dailymed/resource/ingredient/Acebutolol","Acebutolol"
"http://www4.wiwiss.fu-berlin.de/dailymed/resource/ingredient/Tinidazole","Tinidazole"
"http://www4.wiwiss.fu-berlin.de/dailymed/resource/ingredient/bortezomib","bortezomib"
"http://www4.wiwiss.fu-berlin.de/dailymed/resource/ingredient/lactic_acid","lactic acid"
"http://www4.wiwiss.fu-berlin.de/dailymed/resource/ingredient/naftifine","naftifine"
"http://www4.wiwiss.fu-berlin.de/dailymed/resource/ingredient/ALPRAZOLAM","ALPRAZOLAM"
"http://www4.wiwiss.fu-berlin.de/dailymed/resource/ingredient/Trastuzumab","Trastuzumab"
"http://www4.wiwiss.fu-berlin.de/dailymed/resource/ingredient/montelukast","montelukast"
"http://www4.wiwiss.fu-berlin.de/dailymed/resource/ingredient/glatiramer_acetate","glatiramer acetate"
"http://www4.wiwiss.fu-berlin.de/dailymed/resource/ingredient/Tetracycline","Tetracycline"
"http://www4.wiwiss.fu-berlin.de/dailymed/resource/ingredient/meperidine","meperidine"
"http://www4.wiwiss.fu-berlin.de/dailymed/resource/ingredient/indinavir","indinavir"
"http://www4.wiwiss.fu-berlin.de/dailymed/resource/ingredient/butalbital","butalbital"
"http://www4.wiwiss.fu-berlin.de/dailymed/resource/ingredient/Cyproheptadine","Cyproheptadine"
"http://www4.wiwiss.fu-berlin.de/dailymed/resource/ingredient/oxandrolone","oxandrolone"
"http://www4.wiwiss.fu-berlin.de/dailymed/resource/ingredient/Mexiletine","Mexiletine"
"http://www4.wiwiss.fu-berlin.de/dailymed/resource/ingredient/Quinine","Quinine"
"http://www4.wiwiss.fu-berlin.de/dailymed/resource/ingredient/Ceftazidime","Ceftazidime"
"http://www4.wiwiss.fu-berlin.de/dailymed/resource/ingredient/menthol","menthol"
"http://www4.wiwiss.fu-berlin.de/dailymed/resource/ingredient/Vancomycin","Vancomycin"
"http://www4.wiwiss.fu-berlin.de/dailymed/resource/ingredient/tramadol","tramadol"
"http://www4.wiwiss.fu-berlin.de/dailymed/resource/ingredient/nalidixic_acid","nalidixic acid"
"http://www4.wiwiss.fu-berlin.de/dailymed/resource/ingredient/Lactic_Acid","Lactic Acid"
"http://www4.wiwiss.fu-berlin.de/dailymed/resource/ingredient/carbamazepine","carbamazepine"
"http://www4.wiwiss.fu-berlin.de/dailymed/resource/ingredient/Saquinavir","Saquinavir"
"http://www4.wiwiss.fu-berlin.de/dailymed/resource/ingredient/oxiconazole","oxiconazole"
"http://www4.wiwiss.fu-berlin.de/dailymed/resource/ingredient/Sulfasalazine","Sulfasalazine"
"http://www4.wiwiss.fu-berlin.de/dailymed/resource/ingredient/SODIUM_TETRADECYL_SULFATE","SODIUM TETRADECYL SULFATE"
"http://www4.wiwiss.fu-berlin.de/dailymed/resource/ingredient/nifedipine","nifedipine"
"http://www4.wiwiss.fu-berlin.de/dailymed/resource/ingredient/propylthiouracil","propylthiouracil"
"http://www4.wiwiss.fu-berlin.de/dailymed/resource/ingredient/fomepizole","fomepizole"
"http://www4.wiwiss.fu-berlin.de/dailymed/resource/ingredient/CALCIUM_CHLORIDE","CALCIUM CHLORIDE"
"http://www4.wiwiss.fu-berlin.de/dailymed/resource/ingredient/Magnesium","Magnesium"
"http://www4.wiwiss.fu-berlin.de/dailymed/resource/ingredient/solifenacin","solifenacin"
"http://www4.wiwiss.fu-berlin.de/dailymed/resource/ingredient/benazepril","benazepril"
"http://www4.wiwiss.fu-berlin.de/dailymed/resource/ingredient/Primidone","Primidone"
"http://www4.wiwiss.fu-berlin.de/dailymed/resource/ingredient/polymyxin_b_sulfate","polymyxin b sulfate"
"http://www4.wiwiss.fu-berlin.de/dailymed/resource/ingredient/thiabendazole","thiabendazole"
"http://www4.wiwiss.fu-berlin.de/dailymed/resource/ingredient/DISULFIRAM","DISULFIRAM"
"http://www4.wiwiss.fu-berlin.de/dailymed/resource/ingredient/Mefenamic_Acid","Mefenamic Acid"
"http://www4.wiwiss.fu-berlin.de/dailymed/resource/ingredient/spectinomycin","spectinomycin"
"http://www4.wiwiss.fu-berlin.de/dailymed/resource/ingredient/Teriparatide","Teriparatide"
"http://www4.wiwiss.fu-berlin.de/dailymed/resource/ingredient/chlorambucil","chlorambucil"
"http://www4.wiwiss.fu-berlin.de/dailymed/resource/ingredient/tiagabine","tiagabine"
"http://www4.wiwiss.fu-berlin.de/dailymed/resource/ingredient/ertapenem","ertapenem"
"http://www4.wiwiss.fu-berlin.de/dailymed/resource/ingredient/Guanidine","Guanidine"
"http://www4.wiwiss.fu-berlin.de/dailymed/resource/ingredient/L-alanine","L-alanine"
"http://www4.wiwiss.fu-berlin.de/dailymed/resource/ingredient/Oleic_acid","Oleic acid"
"http://www4.wiwiss.fu-berlin.de/dailymed/resource/ingredient/rifapentine","rifapentine"
"http://www4.wiwiss.fu-berlin.de/dailymed/resource/ingredient/calcium_acetate","calcium acetate"
"http://www4.wiwiss.fu-berlin.de/dailymed/resource/ingredient/TETRABENAZINE","TETRABENAZINE"
"http://www4.wiwiss.fu-berlin.de/dailymed/resource/ingredient/dexrazoxane","dexrazoxane"
"http://www4.wiwiss.fu-berlin.de/dailymed/resource/ingredient/lactose","lactose"
"http://www4.wiwiss.fu-berlin.de/dailymed/resource/ingredient/Candesartan","Candesartan"
"http://www4.wiwiss.fu-berlin.de/dailymed/resource/ingredient/docetaxel","docetaxel"
"http://www4.wiwiss.fu-berlin.de/dailymed/resource/ingredient/pirbuterol","pirbuterol"
"http://www4.wiwiss.fu-berlin.de/dailymed/resource/ingredient/potassium","potassium"
"http://www4.wiwiss.fu-berlin.de/dailymed/resource/ingredient/acrylic_acid","acrylic acid"
"http://www4.wiwiss.fu-berlin.de/dailymed/resource/ingredient/Pemoline","Pemoline"
"http://www4.wiwiss.fu-berlin.de/dailymed/resource/ingredient/ASPARAGINASE","ASPARAGINASE"
"http://www4.wiwiss.fu-berlin.de/dailymed/resource/ingredient/telbivudine","telbivudine"
"http://www4.wiwiss.fu-berlin.de/dailymed/resource/ingredient/Isosorbide_dinitrate","Isosorbide dinitrate"
"http://www4.wiwiss.fu-berlin.de/dailymed/resource/ingredient/Cyclobenzaprine","Cyclobenzaprine"
"http://www4.wiwiss.fu-berlin.de/dailymed/resource/ingredient/vincristine","vincristine"
"http://www4.wiwiss.fu-berlin.de/dailymed/resource/ingredient/cyclopentolate","cyclopentolate"
"http://www4.wiwiss.fu-berlin.de/dailymed/resource/ingredient/Temazepam","Temazepam"
"http://www4.wiwiss.fu-berlin.de/dailymed/resource/ingredient/Econazole","Econazole"
"http://www4.wiwiss.fu-berlin.de/dailymed/resource/ingredient/cevimeline","cevimeline"
"http://www4.wiwiss.fu-berlin.de/dailymed/resource/ingredient/BENZTROPINE","BENZTROPINE"
"http://www4.wiwiss.fu-berlin.de/dailymed/resource/ingredient/nitrofurantoin","nitrofurantoin"
"http://www4.wiwiss.fu-berlin.de/dailymed/resource/ingredient/griseofulvin","griseofulvin"
"http://www4.wiwiss.fu-berlin.de/dailymed/resource/ingredient/irbesartan","irbesartan"
"http://www4.wiwiss.fu-berlin.de/dailymed/resource/ingredient/ketotifen","ketotifen"
"http://www4.wiwiss.fu-berlin.de/dailymed/resource/ingredient/streptozocin","streptozocin"
