id1,id2
http://www.okkam.org/oaie/person1-Person3150,http://www.okkam.org/oaie/person2-Person3157
http://www.okkam.org/oaie/person1-Person3150,http://www.okkam.org/oaie/person2-Person3156
http://www.okkam.org/oaie/person1-Person3150,http://www.okkam.org/oaie/person2-Person3155
http://www.okkam.org/oaie/person1-Person3150,http://www.okkam.org/oaie/person2-Person3154
http://www.okkam.org/oaie/person1-Person3150,http://www.okkam.org/oaie/person2-Person3153
http://www.okkam.org/oaie/person1-Person3150,http://www.okkam.org/oaie/person2-Person3152
http://www.okkam.org/oaie/person1-Person3150,http://www.okkam.org/oaie/person2-Person3151
http://www.okkam.org/oaie/person1-Person5160,http://www.okkam.org/oaie/person2-Person5162
http://www.okkam.org/oaie/person1-Person5160,http://www.okkam.org/oaie/person2-Person5161
http://www.okkam.org/oaie/person1-Person1750,http://www.okkam.org/oaie/person2-Person1754
http://www.okkam.org/oaie/person1-Person1750,http://www.okkam.org/oaie/person2-Person1755
http://www.okkam.org/oaie/person1-Person1750,http://www.okkam.org/oaie/person2-Person1756
http://www.okkam.org/oaie/person1-Person1750,http://www.okkam.org/oaie/person2-Person1757
http://www.okkam.org/oaie/person1-Person1750,http://www.okkam.org/oaie/person2-Person1751
http://www.okkam.org/oaie/person1-Person1750,http://www.okkam.org/oaie/person2-Person1752
http://www.okkam.org/oaie/person1-Person1750,http://www.okkam.org/oaie/person2-Person1753
http://www.okkam.org/oaie/person1-Person5020,http://www.okkam.org/oaie/person2-Person5021
http://www.okkam.org/oaie/person1-Person5020,http://www.okkam.org/oaie/person2-Person5022
http://www.okkam.org/oaie/person1-Person5730,http://www.okkam.org/oaie/person2-Person5731
http://www.okkam.org/oaie/person1-Person3440,http://www.okkam.org/oaie/person2-Person3441
http://www.okkam.org/oaie/person1-Person3440,http://www.okkam.org/oaie/person2-Person3442
http://www.okkam.org/oaie/person1-Person5300,http://www.okkam.org/oaie/person2-Person5301
http://www.okkam.org/oaie/person1-Person3220,http://www.okkam.org/oaie/person2-Person3228
http://www.okkam.org/oaie/person1-Person3220,http://www.okkam.org/oaie/person2-Person3225
http://www.okkam.org/oaie/person1-Person3220,http://www.okkam.org/oaie/person2-Person3224
http://www.okkam.org/oaie/person1-Person3220,http://www.okkam.org/oaie/person2-Person3227
http://www.okkam.org/oaie/person1-Person3220,http://www.okkam.org/oaie/person2-Person3226
http://www.okkam.org/oaie/person1-Person3220,http://www.okkam.org/oaie/person2-Person3222
http://www.okkam.org/oaie/person1-Person3220,http://www.okkam.org/oaie/person2-Person3223
http://www.okkam.org/oaie/person1-Person3220,http://www.okkam.org/oaie/person2-Person3221
http://www.okkam.org/oaie/person1-Person3640,http://www.okkam.org/oaie/person2-Person3641
http://www.okkam.org/oaie/person1-Person3640,http://www.okkam.org/oaie/person2-Person3645
http://www.okkam.org/oaie/person1-Person3640,http://www.okkam.org/oaie/person2-Person3644
http://www.okkam.org/oaie/person1-Person3640,http://www.okkam.org/oaie/person2-Person3643
http://www.okkam.org/oaie/person1-Person3640,http://www.okkam.org/oaie/person2-Person3642
http://www.okkam.org/oaie/person1-Person3640,http://www.okkam.org/oaie/person2-Person3649
http://www.okkam.org/oaie/person1-Person3640,http://www.okkam.org/oaie/person2-Person3648
http://www.okkam.org/oaie/person1-Person3640,http://www.okkam.org/oaie/person2-Person3647
http://www.okkam.org/oaie/person1-Person3640,http://www.okkam.org/oaie/person2-Person3646
http://www.okkam.org/oaie/person1-Person2340,http://www.okkam.org/oaie/person2-Person2344
http://www.okkam.org/oaie/person1-Person2340,http://www.okkam.org/oaie/person2-Person2342
http://www.okkam.org/oaie/person1-Person2340,http://www.okkam.org/oaie/person2-Person2345
http://www.okkam.org/oaie/person1-Person2340,http://www.okkam.org/oaie/person2-Person2343
http://www.okkam.org/oaie/person1-Person2340,http://www.okkam.org/oaie/person2-Person2346
http://www.okkam.org/oaie/person1-Person2340,http://www.okkam.org/oaie/person2-Person2341
http://www.okkam.org/oaie/person1-Person3050,http://www.okkam.org/oaie/person2-Person3053
http://www.okkam.org/oaie/person1-Person3050,http://www.okkam.org/oaie/person2-Person3054
http://www.okkam.org/oaie/person1-Person3050,http://www.okkam.org/oaie/person2-Person3051
http://www.okkam.org/oaie/person1-Person3050,http://www.okkam.org/oaie/person2-Person3052
http://www.okkam.org/oaie/person1-Person3050,http://www.okkam.org/oaie/person2-Person3057
http://www.okkam.org/oaie/person1-Person3050,http://www.okkam.org/oaie/person2-Person3055
http://www.okkam.org/oaie/person1-Person3050,http://www.okkam.org/oaie/person2-Person3056
http://www.okkam.org/oaie/person1-Person1770,http://www.okkam.org/oaie/person2-Person1773
http://www.okkam.org/oaie/person1-Person1770,http://www.okkam.org/oaie/person2-Person1771
http://www.okkam.org/oaie/person1-Person1770,http://www.okkam.org/oaie/person2-Person1772
http://www.okkam.org/oaie/person1-Person1770,http://www.okkam.org/oaie/person2-Person1775
http://www.okkam.org/oaie/person1-Person1770,http://www.okkam.org/oaie/person2-Person1774
http://www.okkam.org/oaie/person1-Person1770,http://www.okkam.org/oaie/person2-Person1777
http://www.okkam.org/oaie/person1-Person1770,http://www.okkam.org/oaie/person2-Person1776
http://www.okkam.org/oaie/person1-Person1770,http://www.okkam.org/oaie/person2-Person1778
http://www.okkam.org/oaie/person1-Person1220,http://www.okkam.org/oaie/person2-Person1221
http://www.okkam.org/oaie/person1-Person1220,http://www.okkam.org/oaie/person2-Person1224
http://www.okkam.org/oaie/person1-Person1220,http://www.okkam.org/oaie/person2-Person1223
http://www.okkam.org/oaie/person1-Person1220,http://www.okkam.org/oaie/person2-Person1222
http://www.okkam.org/oaie/person1-Person2240,http://www.okkam.org/oaie/person2-Person2241
http://www.okkam.org/oaie/person1-Person4040,http://www.okkam.org/oaie/person2-Person4041
http://www.okkam.org/oaie/person1-Person2140,http://www.okkam.org/oaie/person2-Person2149
http://www.okkam.org/oaie/person1-Person2140,http://www.okkam.org/oaie/person2-Person2145
http://www.okkam.org/oaie/person1-Person2140,http://www.okkam.org/oaie/person2-Person2148
http://www.okkam.org/oaie/person1-Person2140,http://www.okkam.org/oaie/person2-Person2144
http://www.okkam.org/oaie/person1-Person2140,http://www.okkam.org/oaie/person2-Person2147
http://www.okkam.org/oaie/person1-Person2140,http://www.okkam.org/oaie/person2-Person2143
http://www.okkam.org/oaie/person1-Person2140,http://www.okkam.org/oaie/person2-Person2146
http://www.okkam.org/oaie/person1-Person2140,http://www.okkam.org/oaie/person2-Person2142
http://www.okkam.org/oaie/person1-Person2140,http://www.okkam.org/oaie/person2-Person2141
http://www.okkam.org/oaie/person1-Person5920,http://www.okkam.org/oaie/person2-Person5923
http://www.okkam.org/oaie/person1-Person5920,http://www.okkam.org/oaie/person2-Person5922
http://www.okkam.org/oaie/person1-Person5920,http://www.okkam.org/oaie/person2-Person5921
http://www.okkam.org/oaie/person1-Person2810,http://www.okkam.org/oaie/person2-Person2811
http://www.okkam.org/oaie/person1-Person2810,http://www.okkam.org/oaie/person2-Person2812
http://www.okkam.org/oaie/person1-Person2810,http://www.okkam.org/oaie/person2-Person2813
http://www.okkam.org/oaie/person1-Person2590,http://www.okkam.org/oaie/person2-Person2591
http://www.okkam.org/oaie/person1-Person1620,http://www.okkam.org/oaie/person2-Person1628
http://www.okkam.org/oaie/person1-Person1620,http://www.okkam.org/oaie/person2-Person1626
http://www.okkam.org/oaie/person1-Person1620,http://www.okkam.org/oaie/person2-Person1627
http://www.okkam.org/oaie/person1-Person1620,http://www.okkam.org/oaie/person2-Person1621
http://www.okkam.org/oaie/person1-Person1620,http://www.okkam.org/oaie/person2-Person1624
http://www.okkam.org/oaie/person1-Person1620,http://www.okkam.org/oaie/person2-Person1625
http://www.okkam.org/oaie/person1-Person1620,http://www.okkam.org/oaie/person2-Person1622
http://www.okkam.org/oaie/person1-Person1620,http://www.okkam.org/oaie/person2-Person1623
http://www.okkam.org/oaie/person1-Person1560,http://www.okkam.org/oaie/person2-Person1561
http://www.okkam.org/oaie/person1-Person2280,http://www.okkam.org/oaie/person2-Person2281
http://www.okkam.org/oaie/person1-Person2280,http://www.okkam.org/oaie/person2-Person2282
http://www.okkam.org/oaie/person1-Person2280,http://www.okkam.org/oaie/person2-Person2283
http://www.okkam.org/oaie/person1-Person2280,http://www.okkam.org/oaie/person2-Person2284
http://www.okkam.org/oaie/person1-Person2280,http://www.okkam.org/oaie/person2-Person2285
http://www.okkam.org/oaie/person1-Person3870,http://www.okkam.org/oaie/person2-Person3871
http://www.okkam.org/oaie/person1-Person4190,http://www.okkam.org/oaie/person2-Person4191
http://www.okkam.org/oaie/person1-Person4190,http://www.okkam.org/oaie/person2-Person4192
http://www.okkam.org/oaie/person1-Person3310,http://www.okkam.org/oaie/person2-Person3312
http://www.okkam.org/oaie/person1-Person3310,http://www.okkam.org/oaie/person2-Person3313
http://www.okkam.org/oaie/person1-Person3310,http://www.okkam.org/oaie/person2-Person3311
http://www.okkam.org/oaie/person1-Person3310,http://www.okkam.org/oaie/person2-Person3314
http://www.okkam.org/oaie/person1-Person3310,http://www.okkam.org/oaie/person2-Person3315
http://www.okkam.org/oaie/person1-Person3250,http://www.okkam.org/oaie/person2-Person3252
http://www.okkam.org/oaie/person1-Person3250,http://www.okkam.org/oaie/person2-Person3251
http://www.okkam.org/oaie/person1-Person3250,http://www.okkam.org/oaie/person2-Person3255
http://www.okkam.org/oaie/person1-Person3250,http://www.okkam.org/oaie/person2-Person3254
http://www.okkam.org/oaie/person1-Person3250,http://www.okkam.org/oaie/person2-Person3253
http://www.okkam.org/oaie/person1-Person2720,http://www.okkam.org/oaie/person2-Person2721
http://www.okkam.org/oaie/person1-Person2720,http://www.okkam.org/oaie/person2-Person2724
http://www.okkam.org/oaie/person1-Person2720,http://www.okkam.org/oaie/person2-Person2725
http://www.okkam.org/oaie/person1-Person2720,http://www.okkam.org/oaie/person2-Person2722
http://www.okkam.org/oaie/person1-Person2720,http://www.okkam.org/oaie/person2-Person2723
http://www.okkam.org/oaie/person1-Person2720,http://www.okkam.org/oaie/person2-Person2726
http://www.okkam.org/oaie/person1-Person710,http://www.okkam.org/oaie/person2-Person715
http://www.okkam.org/oaie/person1-Person710,http://www.okkam.org/oaie/person2-Person716
http://www.okkam.org/oaie/person1-Person710,http://www.okkam.org/oaie/person2-Person717
http://www.okkam.org/oaie/person1-Person710,http://www.okkam.org/oaie/person2-Person718
http://www.okkam.org/oaie/person1-Person710,http://www.okkam.org/oaie/person2-Person711
http://www.okkam.org/oaie/person1-Person710,http://www.okkam.org/oaie/person2-Person712
http://www.okkam.org/oaie/person1-Person710,http://www.okkam.org/oaie/person2-Person713
http://www.okkam.org/oaie/person1-Person710,http://www.okkam.org/oaie/person2-Person714
http://www.okkam.org/oaie/person1-Person1490,http://www.okkam.org/oaie/person2-Person1495
http://www.okkam.org/oaie/person1-Person1490,http://www.okkam.org/oaie/person2-Person1493
http://www.okkam.org/oaie/person1-Person1490,http://www.okkam.org/oaie/person2-Person1494
http://www.okkam.org/oaie/person1-Person1490,http://www.okkam.org/oaie/person2-Person1491
http://www.okkam.org/oaie/person1-Person1490,http://www.okkam.org/oaie/person2-Person1492
http://www.okkam.org/oaie/person1-Person2390,http://www.okkam.org/oaie/person2-Person2393
http://www.okkam.org/oaie/person1-Person2390,http://www.okkam.org/oaie/person2-Person2394
http://www.okkam.org/oaie/person1-Person2390,http://www.okkam.org/oaie/person2-Person2391
http://www.okkam.org/oaie/person1-Person2390,http://www.okkam.org/oaie/person2-Person2392
http://www.okkam.org/oaie/person1-Person2390,http://www.okkam.org/oaie/person2-Person2395
http://www.okkam.org/oaie/person1-Person2390,http://www.okkam.org/oaie/person2-Person2396
http://www.okkam.org/oaie/person1-Person4410,http://www.okkam.org/oaie/person2-Person4418
http://www.okkam.org/oaie/person1-Person4410,http://www.okkam.org/oaie/person2-Person4419
http://www.okkam.org/oaie/person1-Person4410,http://www.okkam.org/oaie/person2-Person4416
http://www.okkam.org/oaie/person1-Person4410,http://www.okkam.org/oaie/person2-Person4417
http://www.okkam.org/oaie/person1-Person4410,http://www.okkam.org/oaie/person2-Person4414
http://www.okkam.org/oaie/person1-Person4410,http://www.okkam.org/oaie/person2-Person4415
http://www.okkam.org/oaie/person1-Person4410,http://www.okkam.org/oaie/person2-Person4412
http://www.okkam.org/oaie/person1-Person4410,http://www.okkam.org/oaie/person2-Person4413
http://www.okkam.org/oaie/person1-Person4410,http://www.okkam.org/oaie/person2-Person4411
http://www.okkam.org/oaie/person1-Person1400,http://www.okkam.org/oaie/person2-Person1401
http://www.okkam.org/oaie/person1-Person2210,http://www.okkam.org/oaie/person2-Person2211
http://www.okkam.org/oaie/person1-Person2210,http://www.okkam.org/oaie/person2-Person2216
http://www.okkam.org/oaie/person1-Person2210,http://www.okkam.org/oaie/person2-Person2215
http://www.okkam.org/oaie/person1-Person2210,http://www.okkam.org/oaie/person2-Person2214
http://www.okkam.org/oaie/person1-Person2210,http://www.okkam.org/oaie/person2-Person2213
http://www.okkam.org/oaie/person1-Person2210,http://www.okkam.org/oaie/person2-Person2212
http://www.okkam.org/oaie/person1-Person3810,http://www.okkam.org/oaie/person2-Person3817
http://www.okkam.org/oaie/person1-Person3810,http://www.okkam.org/oaie/person2-Person3818
http://www.okkam.org/oaie/person1-Person3810,http://www.okkam.org/oaie/person2-Person3815
http://www.okkam.org/oaie/person1-Person3810,http://www.okkam.org/oaie/person2-Person3816
http://www.okkam.org/oaie/person1-Person3810,http://www.okkam.org/oaie/person2-Person3819
http://www.okkam.org/oaie/person1-Person3810,http://www.okkam.org/oaie/person2-Person3813
http://www.okkam.org/oaie/person1-Person3810,http://www.okkam.org/oaie/person2-Person3814
http://www.okkam.org/oaie/person1-Person3810,http://www.okkam.org/oaie/person2-Person3811
http://www.okkam.org/oaie/person1-Person3810,http://www.okkam.org/oaie/person2-Person3812
http://www.okkam.org/oaie/person1-Person3350,http://www.okkam.org/oaie/person2-Person3353
http://www.okkam.org/oaie/person1-Person3350,http://www.okkam.org/oaie/person2-Person3352
http://www.okkam.org/oaie/person1-Person3350,http://www.okkam.org/oaie/person2-Person3351
http://www.okkam.org/oaie/person1-Person3210,http://www.okkam.org/oaie/person2-Person3211
http://www.okkam.org/oaie/person1-Person2350,http://www.okkam.org/oaie/person2-Person2352
http://www.okkam.org/oaie/person1-Person2350,http://www.okkam.org/oaie/person2-Person2351
http://www.okkam.org/oaie/person1-Person2350,http://www.okkam.org/oaie/person2-Person2354
http://www.okkam.org/oaie/person1-Person2350,http://www.okkam.org/oaie/person2-Person2353
http://www.okkam.org/oaie/person1-Person2350,http://www.okkam.org/oaie/person2-Person2357
http://www.okkam.org/oaie/person1-Person2350,http://www.okkam.org/oaie/person2-Person2358
http://www.okkam.org/oaie/person1-Person2350,http://www.okkam.org/oaie/person2-Person2355
http://www.okkam.org/oaie/person1-Person2350,http://www.okkam.org/oaie/person2-Person2356
http://www.okkam.org/oaie/person1-Person2350,http://www.okkam.org/oaie/person2-Person2359
http://www.okkam.org/oaie/person1-Person2400,http://www.okkam.org/oaie/person2-Person2402
http://www.okkam.org/oaie/person1-Person2400,http://www.okkam.org/oaie/person2-Person2401
http://www.okkam.org/oaie/person1-Person2400,http://www.okkam.org/oaie/person2-Person2406
http://www.okkam.org/oaie/person1-Person2400,http://www.okkam.org/oaie/person2-Person2405
http://www.okkam.org/oaie/person1-Person2400,http://www.okkam.org/oaie/person2-Person2404
http://www.okkam.org/oaie/person1-Person2400,http://www.okkam.org/oaie/person2-Person2403
http://www.okkam.org/oaie/person1-Person2400,http://www.okkam.org/oaie/person2-Person2409
http://www.okkam.org/oaie/person1-Person2400,http://www.okkam.org/oaie/person2-Person2408
http://www.okkam.org/oaie/person1-Person2400,http://www.okkam.org/oaie/person2-Person2407
http://www.okkam.org/oaie/person1-Person3620,http://www.okkam.org/oaie/person2-Person3621
http://www.okkam.org/oaie/person1-Person3620,http://www.okkam.org/oaie/person2-Person3622
http://www.okkam.org/oaie/person1-Person3620,http://www.okkam.org/oaie/person2-Person3623
http://www.okkam.org/oaie/person1-Person2290,http://www.okkam.org/oaie/person2-Person2292
http://www.okkam.org/oaie/person1-Person2290,http://www.okkam.org/oaie/person2-Person2291
http://www.okkam.org/oaie/person1-Person660,http://www.okkam.org/oaie/person2-Person661
http://www.okkam.org/oaie/person1-Person4910,http://www.okkam.org/oaie/person2-Person4913
http://www.okkam.org/oaie/person1-Person4910,http://www.okkam.org/oaie/person2-Person4911
http://www.okkam.org/oaie/person1-Person4910,http://www.okkam.org/oaie/person2-Person4912
http://www.okkam.org/oaie/person1-Person1300,http://www.okkam.org/oaie/person2-Person1307
http://www.okkam.org/oaie/person1-Person1300,http://www.okkam.org/oaie/person2-Person1303
http://www.okkam.org/oaie/person1-Person1300,http://www.okkam.org/oaie/person2-Person1304
http://www.okkam.org/oaie/person1-Person1300,http://www.okkam.org/oaie/person2-Person1305
http://www.okkam.org/oaie/person1-Person1300,http://www.okkam.org/oaie/person2-Person1306
http://www.okkam.org/oaie/person1-Person1300,http://www.okkam.org/oaie/person2-Person1301
http://www.okkam.org/oaie/person1-Person1300,http://www.okkam.org/oaie/person2-Person1302
http://www.okkam.org/oaie/person1-Person1590,http://www.okkam.org/oaie/person2-Person1591
http://www.okkam.org/oaie/person1-Person1550,http://www.okkam.org/oaie/person2-Person1551
http://www.okkam.org/oaie/person1-Person1290,http://www.okkam.org/oaie/person2-Person1293
http://www.okkam.org/oaie/person1-Person1290,http://www.okkam.org/oaie/person2-Person1292
http://www.okkam.org/oaie/person1-Person1290,http://www.okkam.org/oaie/person2-Person1291
http://www.okkam.org/oaie/person1-Person4650,http://www.okkam.org/oaie/person2-Person4655
http://www.okkam.org/oaie/person1-Person4650,http://www.okkam.org/oaie/person2-Person4654
http://www.okkam.org/oaie/person1-Person4650,http://www.okkam.org/oaie/person2-Person4652
http://www.okkam.org/oaie/person1-Person4650,http://www.okkam.org/oaie/person2-Person4653
http://www.okkam.org/oaie/person1-Person4650,http://www.okkam.org/oaie/person2-Person4651
http://www.okkam.org/oaie/person1-Person2530,http://www.okkam.org/oaie/person2-Person2532
http://www.okkam.org/oaie/person1-Person2530,http://www.okkam.org/oaie/person2-Person2531
http://www.okkam.org/oaie/person1-Person2530,http://www.okkam.org/oaie/person2-Person2534
http://www.okkam.org/oaie/person1-Person2530,http://www.okkam.org/oaie/person2-Person2533
http://www.okkam.org/oaie/person1-Person2530,http://www.okkam.org/oaie/person2-Person2536
http://www.okkam.org/oaie/person1-Person2530,http://www.okkam.org/oaie/person2-Person2535
http://www.okkam.org/oaie/person1-Person2530,http://www.okkam.org/oaie/person2-Person2538
http://www.okkam.org/oaie/person1-Person2530,http://www.okkam.org/oaie/person2-Person2537
http://www.okkam.org/oaie/person1-Person810,http://www.okkam.org/oaie/person2-Person811
http://www.okkam.org/oaie/person1-Person810,http://www.okkam.org/oaie/person2-Person812
http://www.okkam.org/oaie/person1-Person4600,http://www.okkam.org/oaie/person2-Person4601
http://www.okkam.org/oaie/person1-Person4600,http://www.okkam.org/oaie/person2-Person4602
http://www.okkam.org/oaie/person1-Person620,http://www.okkam.org/oaie/person2-Person622
http://www.okkam.org/oaie/person1-Person620,http://www.okkam.org/oaie/person2-Person621
http://www.okkam.org/oaie/person1-Person620,http://www.okkam.org/oaie/person2-Person624
http://www.okkam.org/oaie/person1-Person620,http://www.okkam.org/oaie/person2-Person623
http://www.okkam.org/oaie/person1-Person620,http://www.okkam.org/oaie/person2-Person625
http://www.okkam.org/oaie/person1-Person2630,http://www.okkam.org/oaie/person2-Person2634
http://www.okkam.org/oaie/person1-Person2630,http://www.okkam.org/oaie/person2-Person2631
http://www.okkam.org/oaie/person1-Person2630,http://www.okkam.org/oaie/person2-Person2633
http://www.okkam.org/oaie/person1-Person2630,http://www.okkam.org/oaie/person2-Person2632
http://www.okkam.org/oaie/person1-Person2920,http://www.okkam.org/oaie/person2-Person2926
http://www.okkam.org/oaie/person1-Person2920,http://www.okkam.org/oaie/person2-Person2924
http://www.okkam.org/oaie/person1-Person2920,http://www.okkam.org/oaie/person2-Person2925
http://www.okkam.org/oaie/person1-Person2920,http://www.okkam.org/oaie/person2-Person2922
http://www.okkam.org/oaie/person1-Person2920,http://www.okkam.org/oaie/person2-Person2923
http://www.okkam.org/oaie/person1-Person2920,http://www.okkam.org/oaie/person2-Person2921
http://www.okkam.org/oaie/person1-Person2570,http://www.okkam.org/oaie/person2-Person2571
http://www.okkam.org/oaie/person1-Person4460,http://www.okkam.org/oaie/person2-Person4463
http://www.okkam.org/oaie/person1-Person4460,http://www.okkam.org/oaie/person2-Person4464
http://www.okkam.org/oaie/person1-Person4460,http://www.okkam.org/oaie/person2-Person4465
http://www.okkam.org/oaie/person1-Person4460,http://www.okkam.org/oaie/person2-Person4466
http://www.okkam.org/oaie/person1-Person4460,http://www.okkam.org/oaie/person2-Person4461
http://www.okkam.org/oaie/person1-Person4460,http://www.okkam.org/oaie/person2-Person4462
http://www.okkam.org/oaie/person1-Person4460,http://www.okkam.org/oaie/person2-Person4469
http://www.okkam.org/oaie/person1-Person4460,http://www.okkam.org/oaie/person2-Person4468
http://www.okkam.org/oaie/person1-Person4460,http://www.okkam.org/oaie/person2-Person4467
http://www.okkam.org/oaie/person1-Person2460,http://www.okkam.org/oaie/person2-Person2466
http://www.okkam.org/oaie/person1-Person2460,http://www.okkam.org/oaie/person2-Person2464
http://www.okkam.org/oaie/person1-Person2460,http://www.okkam.org/oaie/person2-Person2465
http://www.okkam.org/oaie/person1-Person2460,http://www.okkam.org/oaie/person2-Person2463
http://www.okkam.org/oaie/person1-Person2460,http://www.okkam.org/oaie/person2-Person2468
http://www.okkam.org/oaie/person1-Person2460,http://www.okkam.org/oaie/person2-Person2462
http://www.okkam.org/oaie/person1-Person2460,http://www.okkam.org/oaie/person2-Person2467
http://www.okkam.org/oaie/person1-Person2460,http://www.okkam.org/oaie/person2-Person2461
http://www.okkam.org/oaie/person1-Person2460,http://www.okkam.org/oaie/person2-Person2469
http://www.okkam.org/oaie/person1-Person3460,http://www.okkam.org/oaie/person2-Person3462
http://www.okkam.org/oaie/person1-Person3460,http://www.okkam.org/oaie/person2-Person3461
http://www.okkam.org/oaie/person1-Person5790,http://www.okkam.org/oaie/person2-Person5791
http://www.okkam.org/oaie/person1-Person5790,http://www.okkam.org/oaie/person2-Person5792
http://www.okkam.org/oaie/person1-Person1870,http://www.okkam.org/oaie/person2-Person1875
http://www.okkam.org/oaie/person1-Person1870,http://www.okkam.org/oaie/person2-Person1876
http://www.okkam.org/oaie/person1-Person1870,http://www.okkam.org/oaie/person2-Person1877
http://www.okkam.org/oaie/person1-Person1870,http://www.okkam.org/oaie/person2-Person1871
http://www.okkam.org/oaie/person1-Person1870,http://www.okkam.org/oaie/person2-Person1872
http://www.okkam.org/oaie/person1-Person1870,http://www.okkam.org/oaie/person2-Person1873
http://www.okkam.org/oaie/person1-Person1870,http://www.okkam.org/oaie/person2-Person1874
http://www.okkam.org/oaie/person1-Person3200,http://www.okkam.org/oaie/person2-Person3203
http://www.okkam.org/oaie/person1-Person3200,http://www.okkam.org/oaie/person2-Person3202
http://www.okkam.org/oaie/person1-Person3200,http://www.okkam.org/oaie/person2-Person3205
http://www.okkam.org/oaie/person1-Person3200,http://www.okkam.org/oaie/person2-Person3204
http://www.okkam.org/oaie/person1-Person3200,http://www.okkam.org/oaie/person2-Person3201
http://www.okkam.org/oaie/person1-Person5140,http://www.okkam.org/oaie/person2-Person5142
http://www.okkam.org/oaie/person1-Person5140,http://www.okkam.org/oaie/person2-Person5141
http://www.okkam.org/oaie/person1-Person5140,http://www.okkam.org/oaie/person2-Person5144
http://www.okkam.org/oaie/person1-Person5140,http://www.okkam.org/oaie/person2-Person5143
http://www.okkam.org/oaie/person1-Person5140,http://www.okkam.org/oaie/person2-Person5146
http://www.okkam.org/oaie/person1-Person5140,http://www.okkam.org/oaie/person2-Person5145
http://www.okkam.org/oaie/person1-Person5140,http://www.okkam.org/oaie/person2-Person5147
http://www.okkam.org/oaie/person1-Person3030,http://www.okkam.org/oaie/person2-Person3034
http://www.okkam.org/oaie/person1-Person3030,http://www.okkam.org/oaie/person2-Person3033
http://www.okkam.org/oaie/person1-Person3030,http://www.okkam.org/oaie/person2-Person3032
http://www.okkam.org/oaie/person1-Person3030,http://www.okkam.org/oaie/person2-Person3031
http://www.okkam.org/oaie/person1-Person5490,http://www.okkam.org/oaie/person2-Person5491
http://www.okkam.org/oaie/person1-Person5490,http://www.okkam.org/oaie/person2-Person5492
http://www.okkam.org/oaie/person1-Person5490,http://www.okkam.org/oaie/person2-Person5493
http://www.okkam.org/oaie/person1-Person5490,http://www.okkam.org/oaie/person2-Person5494
http://www.okkam.org/oaie/person1-Person5490,http://www.okkam.org/oaie/person2-Person5495
http://www.okkam.org/oaie/person1-Person5490,http://www.okkam.org/oaie/person2-Person5496
http://www.okkam.org/oaie/person1-Person5490,http://www.okkam.org/oaie/person2-Person5497
http://www.okkam.org/oaie/person1-Person5490,http://www.okkam.org/oaie/person2-Person5498
http://www.okkam.org/oaie/person1-Person5490,http://www.okkam.org/oaie/person2-Person5499
http://www.okkam.org/oaie/person1-Person190,http://www.okkam.org/oaie/person2-Person191
http://www.okkam.org/oaie/person1-Person5000,http://www.okkam.org/oaie/person2-Person5003
http://www.okkam.org/oaie/person1-Person5000,http://www.okkam.org/oaie/person2-Person5002
http://www.okkam.org/oaie/person1-Person5000,http://www.okkam.org/oaie/person2-Person5001
http://www.okkam.org/oaie/person1-Person3560,http://www.okkam.org/oaie/person2-Person3562
http://www.okkam.org/oaie/person1-Person3560,http://www.okkam.org/oaie/person2-Person3561
http://www.okkam.org/oaie/person1-Person3560,http://www.okkam.org/oaie/person2-Person3564
http://www.okkam.org/oaie/person1-Person3560,http://www.okkam.org/oaie/person2-Person3563
http://www.okkam.org/oaie/person1-Person3560,http://www.okkam.org/oaie/person2-Person3567
http://www.okkam.org/oaie/person1-Person3560,http://www.okkam.org/oaie/person2-Person3565
http://www.okkam.org/oaie/person1-Person3560,http://www.okkam.org/oaie/person2-Person3566
http://www.okkam.org/oaie/person1-Person4790,http://www.okkam.org/oaie/person2-Person4791
http://www.okkam.org/oaie/person1-Person4260,http://www.okkam.org/oaie/person2-Person4261
http://www.okkam.org/oaie/person1-Person200,http://www.okkam.org/oaie/person2-Person201
http://www.okkam.org/oaie/person1-Person2970,http://www.okkam.org/oaie/person2-Person2977
http://www.okkam.org/oaie/person1-Person2970,http://www.okkam.org/oaie/person2-Person2976
http://www.okkam.org/oaie/person1-Person2970,http://www.okkam.org/oaie/person2-Person2975
http://www.okkam.org/oaie/person1-Person2970,http://www.okkam.org/oaie/person2-Person2974
http://www.okkam.org/oaie/person1-Person2970,http://www.okkam.org/oaie/person2-Person2973
http://www.okkam.org/oaie/person1-Person2970,http://www.okkam.org/oaie/person2-Person2972
http://www.okkam.org/oaie/person1-Person2970,http://www.okkam.org/oaie/person2-Person2971
http://www.okkam.org/oaie/person1-Person1440,http://www.okkam.org/oaie/person2-Person1442
http://www.okkam.org/oaie/person1-Person1440,http://www.okkam.org/oaie/person2-Person1443
http://www.okkam.org/oaie/person1-Person1440,http://www.okkam.org/oaie/person2-Person1444
http://www.okkam.org/oaie/person1-Person1440,http://www.okkam.org/oaie/person2-Person1445
http://www.okkam.org/oaie/person1-Person1440,http://www.okkam.org/oaie/person2-Person1446
http://www.okkam.org/oaie/person1-Person1440,http://www.okkam.org/oaie/person2-Person1447
http://www.okkam.org/oaie/person1-Person1440,http://www.okkam.org/oaie/person2-Person1448
http://www.okkam.org/oaie/person1-Person1440,http://www.okkam.org/oaie/person2-Person1449
http://www.okkam.org/oaie/person1-Person1440,http://www.okkam.org/oaie/person2-Person1441
http://www.okkam.org/oaie/person1-Person5420,http://www.okkam.org/oaie/person2-Person5423
http://www.okkam.org/oaie/person1-Person5420,http://www.okkam.org/oaie/person2-Person5422
http://www.okkam.org/oaie/person1-Person5420,http://www.okkam.org/oaie/person2-Person5421
http://www.okkam.org/oaie/person1-Person5350,http://www.okkam.org/oaie/person2-Person5354
http://www.okkam.org/oaie/person1-Person5350,http://www.okkam.org/oaie/person2-Person5355
http://www.okkam.org/oaie/person1-Person5350,http://www.okkam.org/oaie/person2-Person5351
http://www.okkam.org/oaie/person1-Person5350,http://www.okkam.org/oaie/person2-Person5352
http://www.okkam.org/oaie/person1-Person5350,http://www.okkam.org/oaie/person2-Person5353
http://www.okkam.org/oaie/person1-Person5080,http://www.okkam.org/oaie/person2-Person5082
http://www.okkam.org/oaie/person1-Person5080,http://www.okkam.org/oaie/person2-Person5081
http://www.okkam.org/oaie/person1-Person4940,http://www.okkam.org/oaie/person2-Person4941
http://www.okkam.org/oaie/person1-Person4940,http://www.okkam.org/oaie/person2-Person4942
http://www.okkam.org/oaie/person1-Person3420,http://www.okkam.org/oaie/person2-Person3421
http://www.okkam.org/oaie/person1-Person3420,http://www.okkam.org/oaie/person2-Person3425
http://www.okkam.org/oaie/person1-Person3420,http://www.okkam.org/oaie/person2-Person3424
http://www.okkam.org/oaie/person1-Person3420,http://www.okkam.org/oaie/person2-Person3423
http://www.okkam.org/oaie/person1-Person3420,http://www.okkam.org/oaie/person2-Person3422
http://www.okkam.org/oaie/person1-Person240,http://www.okkam.org/oaie/person2-Person241
http://www.okkam.org/oaie/person1-Person2770,http://www.okkam.org/oaie/person2-Person2771
http://www.okkam.org/oaie/person1-Person5660,http://www.okkam.org/oaie/person2-Person5662
http://www.okkam.org/oaie/person1-Person5660,http://www.okkam.org/oaie/person2-Person5661
http://www.okkam.org/oaie/person1-Person5760,http://www.okkam.org/oaie/person2-Person5761
http://www.okkam.org/oaie/person1-Person4630,http://www.okkam.org/oaie/person2-Person4631
http://www.okkam.org/oaie/person1-Person4630,http://www.okkam.org/oaie/person2-Person4632
http://www.okkam.org/oaie/person1-Person4630,http://www.okkam.org/oaie/person2-Person4633
http://www.okkam.org/oaie/person1-Person4630,http://www.okkam.org/oaie/person2-Person4634
http://www.okkam.org/oaie/person1-Person4630,http://www.okkam.org/oaie/person2-Person4635
http://www.okkam.org/oaie/person1-Person4170,http://www.okkam.org/oaie/person2-Person4171
http://www.okkam.org/oaie/person1-Person2750,http://www.okkam.org/oaie/person2-Person2751
http://www.okkam.org/oaie/person1-Person5620,http://www.okkam.org/oaie/person2-Person5628
http://www.okkam.org/oaie/person1-Person5620,http://www.okkam.org/oaie/person2-Person5626
http://www.okkam.org/oaie/person1-Person5620,http://www.okkam.org/oaie/person2-Person5627
http://www.okkam.org/oaie/person1-Person5620,http://www.okkam.org/oaie/person2-Person5624
http://www.okkam.org/oaie/person1-Person5620,http://www.okkam.org/oaie/person2-Person5625
http://www.okkam.org/oaie/person1-Person5620,http://www.okkam.org/oaie/person2-Person5622
http://www.okkam.org/oaie/person1-Person5620,http://www.okkam.org/oaie/person2-Person5623
http://www.okkam.org/oaie/person1-Person5620,http://www.okkam.org/oaie/person2-Person5621
http://www.okkam.org/oaie/person1-Person3180,http://www.okkam.org/oaie/person2-Person3181
http://www.okkam.org/oaie/person1-Person3180,http://www.okkam.org/oaie/person2-Person3182
http://www.okkam.org/oaie/person1-Person840,http://www.okkam.org/oaie/person2-Person845
http://www.okkam.org/oaie/person1-Person840,http://www.okkam.org/oaie/person2-Person843
http://www.okkam.org/oaie/person1-Person840,http://www.okkam.org/oaie/person2-Person844
http://www.okkam.org/oaie/person1-Person840,http://www.okkam.org/oaie/person2-Person841
http://www.okkam.org/oaie/person1-Person840,http://www.okkam.org/oaie/person2-Person842
http://www.okkam.org/oaie/person1-Person3490,http://www.okkam.org/oaie/person2-Person3491
http://www.okkam.org/oaie/person1-Person3490,http://www.okkam.org/oaie/person2-Person3492
http://www.okkam.org/oaie/person1-Person4360,http://www.okkam.org/oaie/person2-Person4361
http://www.okkam.org/oaie/person1-Person4360,http://www.okkam.org/oaie/person2-Person4362
http://www.okkam.org/oaie/person1-Person4360,http://www.okkam.org/oaie/person2-Person4363
http://www.okkam.org/oaie/person1-Person4360,http://www.okkam.org/oaie/person2-Person4364
http://www.okkam.org/oaie/person1-Person4360,http://www.okkam.org/oaie/person2-Person4365
http://www.okkam.org/oaie/person1-Person4360,http://www.okkam.org/oaie/person2-Person4366
http://www.okkam.org/oaie/person1-Person4360,http://www.okkam.org/oaie/person2-Person4367
http://www.okkam.org/oaie/person1-Person930,http://www.okkam.org/oaie/person2-Person931
http://www.okkam.org/oaie/person1-Person930,http://www.okkam.org/oaie/person2-Person932
http://www.okkam.org/oaie/person1-Person4670,http://www.okkam.org/oaie/person2-Person4671
http://www.okkam.org/oaie/person1-Person4670,http://www.okkam.org/oaie/person2-Person4672
http://www.okkam.org/oaie/person1-Person4670,http://www.okkam.org/oaie/person2-Person4673
http://www.okkam.org/oaie/person1-Person3130,http://www.okkam.org/oaie/person2-Person3136
http://www.okkam.org/oaie/person1-Person3130,http://www.okkam.org/oaie/person2-Person3131
http://www.okkam.org/oaie/person1-Person3130,http://www.okkam.org/oaie/person2-Person3135
http://www.okkam.org/oaie/person1-Person3130,http://www.okkam.org/oaie/person2-Person3134
http://www.okkam.org/oaie/person1-Person3130,http://www.okkam.org/oaie/person2-Person3133
http://www.okkam.org/oaie/person1-Person3130,http://www.okkam.org/oaie/person2-Person3132
http://www.okkam.org/oaie/person1-Person1920,http://www.okkam.org/oaie/person2-Person1922
http://www.okkam.org/oaie/person1-Person1920,http://www.okkam.org/oaie/person2-Person1921
http://www.okkam.org/oaie/person1-Person1470,http://www.okkam.org/oaie/person2-Person1473
http://www.okkam.org/oaie/person1-Person1470,http://www.okkam.org/oaie/person2-Person1474
http://www.okkam.org/oaie/person1-Person1470,http://www.okkam.org/oaie/person2-Person1471
http://www.okkam.org/oaie/person1-Person1470,http://www.okkam.org/oaie/person2-Person1472
http://www.okkam.org/oaie/person1-Person1470,http://www.okkam.org/oaie/person2-Person1475
http://www.okkam.org/oaie/person1-Person250,http://www.okkam.org/oaie/person2-Person251
http://www.okkam.org/oaie/person1-Person250,http://www.okkam.org/oaie/person2-Person254
http://www.okkam.org/oaie/person1-Person250,http://www.okkam.org/oaie/person2-Person252
http://www.okkam.org/oaie/person1-Person250,http://www.okkam.org/oaie/person2-Person253
http://www.okkam.org/oaie/person1-Person1320,http://www.okkam.org/oaie/person2-Person1321
http://www.okkam.org/oaie/person1-Person1320,http://www.okkam.org/oaie/person2-Person1322
http://www.okkam.org/oaie/person1-Person1320,http://www.okkam.org/oaie/person2-Person1323
http://www.okkam.org/oaie/person1-Person1320,http://www.okkam.org/oaie/person2-Person1324
http://www.okkam.org/oaie/person1-Person1320,http://www.okkam.org/oaie/person2-Person1325
http://www.okkam.org/oaie/person1-Person1320,http://www.okkam.org/oaie/person2-Person1326
